nm,RealReflectance,SimulatedReflectance
350.0,12.761592,8.53951702833175
351.0,12.690969,8.53248706102371
352.0,12.642524,8.524252119064329
353.0,12.680343,8.51726948261261
354.0,12.696559,8.50916671037674
355.0,12.618696,8.50219598412513
356.0,12.558597,8.49522847652435
357.0,12.59823,8.48763276696205
358.0,12.589426,8.4808199930191
359.0,12.574823,8.473982945680609
360.0,12.480029,8.4664432311058
361.0,12.545377,8.45964676499366
362.0,12.506433,8.45332162857055
363.0,12.475007,8.4465596306324
364.0,12.403563,8.44024576544761
365.0,12.330612,8.43288071036338
366.0,12.239287,8.42660313129425
367.0,12.192781,8.419986937046051
368.0,12.108363,8.41374380588531
369.0,12.14437,8.40760394692421
370.0,12.01451,8.40148863077163
371.0,11.958053,8.39538443088531
372.0,11.907621,8.389281572103501
373.0,11.835779,8.38318189263343
374.0,11.826783,8.377120164632789
375.0,11.783289,8.371150113344191
376.0,11.64999,8.36510022997856
377.0,11.765784,8.35951493144035
378.0,11.985574,8.35359527111053
379.0,11.939605,8.34873010873794
380.0,11.941535,8.34328186392784
381.0,11.911324,8.33739916205406
382.0,11.900399,8.33149032115936
383.0,11.859738,8.32608817338943
384.0,11.819494,8.32138224124908
385.0,11.821676,8.31599190354347
386.0,11.773077,8.31012864351272
387.0,11.753922,8.3047732925415
388.0,11.720177,8.30055604457855
389.0,11.684102,8.29473702430725
390.0,11.683302,8.28950830936431
391.0,11.653284,8.28533040761947
392.0,11.630384,8.27964228987693
393.0,11.610342,8.27547617554664
394.0,11.588906,8.27026430726051
395.0,11.560817,8.26506291389465
396.0,11.538483,8.26093002200126
397.0,11.521707,8.25576176524162
398.0,11.50107,8.25172670364379
399.0,11.501934,8.24656532764434
400.0,11.479656,8.2425627887249
401.0,11.458207,8.23741866707801
402.0,11.450145,8.2334486413002
403.0,11.439706,8.22830956220626
404.0,11.416756,8.22443857312202
405.0,11.400558,8.2193338394165
406.0,11.374215,8.21534765124321
407.0,11.383954,8.21151656389236
408.0,11.367293,8.20689301848411
409.0,11.347183,8.20306513667106
410.0,11.341934,8.19912075042724
411.0,11.33735,8.1941617333889
412.0,11.313665,8.190724079608911
413.0,11.289639,8.18577130794525
414.0,11.269678,8.18195721626281
415.0,11.262121,8.17853076338768
416.0,11.241412,8.174748547077169
417.0,11.220107,8.17028860330581
418.0,11.202911,8.1665083527565
419.0,11.204312,8.16321461200714
420.0,11.189546,8.159443647861481
421.0,11.166025,8.1550285243988
422.0,11.146066,8.15126073718071
423.0,11.132588,8.14800876021385
424.0,11.121219,8.144363172054291
425.0,11.103423,8.13998613238334
426.0,11.081517,8.136711151599881
427.0,11.069324,8.13299189209938
428.0,11.052851,8.12983726263046
429.0,11.044444,8.12660029649734
430.0,11.021041,8.12299657106399
431.0,11.00738,8.1197627711296
432.0,11.00542,8.11552958011627
433.0,10.983906,8.11229894638061
434.0,10.979705,8.10871435880661
435.0,10.965046,8.10551557302474
436.0,10.942178,8.10241571903228
437.0,10.930864,8.09931652426719
438.0,10.92786,8.09612766265869
439.0,10.920535,8.09303102016449
440.0,10.912069,8.089483981132501
441.0,10.890615,8.08641978859901
442.0,10.861514,8.08333305954933
443.0,10.851943,8.08027079463005
444.0,10.876534,8.07721590876579
445.0,10.895303,8.074162893295279
446.0,10.88108,8.07111176252365
447.0,10.871368,8.06806129097938
448.0,10.851311,8.0650181877613
449.0,10.832755,8.062000156641
450.0,10.833826,8.05896019101142
451.0,10.831673,8.05639940500259
452.0,10.824165,8.053390665054321
453.0,10.810183,8.05047535538673
454.0,10.79696,8.04746975421905
455.0,10.780012,8.04443490266799
456.0,10.761018,8.04143975973129
457.0,10.75466,8.0385288965702
458.0,10.747451,8.03601296782493
459.0,10.731927,8.03314064025878
460.0,10.713106,8.03014933228492
461.0,10.681937,8.02825761556625
462.0,10.656348,8.025388453006741
463.0,10.637139,8.02288677334785
464.0,10.621656,8.02001891493797
465.0,10.600597,8.01715414285659
466.0,10.576719,8.014661123752589
467.0,10.568286,8.01182756185531
468.0,10.541246,8.00994710087776
469.0,10.513153,8.00757870793342
470.0,10.498447,8.0047483074665
471.0,10.475092,8.00189597725868
472.0,10.458379,7.99944040417671
473.0,10.447664,7.99768158793449
474.0,10.431268,7.99486781954765
475.0,10.418639,7.99250757098198
476.0,10.408982,7.9896895968914
477.0,10.405121,7.98724640846252
478.0,10.387165,7.98552682638168
479.0,10.363385,7.98319967985153
480.0,10.348239,7.980393431186671
481.0,10.346322,7.97804620623588
482.0,10.346599,7.976327372789379
483.0,10.362116,7.974011949300761
484.0,10.376555,7.97123818039894
485.0,10.372508,7.968925876617431
486.0,10.382697,7.96721509933471
487.0,10.387633,7.96502554059028
488.0,10.391034,7.96223297834396
489.0,10.38328,7.959953142404549
490.0,10.3796,7.95824554562568
491.0,10.392289,7.95594440221786
492.0,10.399975,7.95366832375526
493.0,10.38741,7.95208348989486
494.0,10.386648,7.949816012382501
495.0,10.37456,7.94751926422119
496.0,10.388057,7.945841745138161
497.0,10.373198,7.943675671815869
498.0,10.368943,7.94092124700546
499.0,10.358438,7.93973697662353
500.0,10.365035,7.937574644088739
501.0,10.338935,7.93531345963478
502.0,10.325227,7.93364526510238
503.0,10.307499,7.93151475548744
504.0,10.304667,7.9292567062377906
505.0,10.286836,7.92771126747131
506.0,10.274333,7.92546181321144
507.0,10.25917,7.923336292505261
508.0,10.25346,7.92216202259063
509.0,10.232701,7.919544606208801
510.0,10.220064,7.9183716070652
511.0,10.206255,7.91625594735145
512.0,10.203187,7.9140115296840605
513.0,10.18207,7.91296067714691
514.0,10.177288,7.91035497784614
515.0,10.161528,7.909213230609891
516.0,10.152387,7.9071031820774005
517.0,10.143678,7.90498522281646
518.0,10.129486,7.903850870132439
519.0,10.128027,7.9012489557266194
520.0,10.116656,7.900208029747
521.0,10.10246,7.89800776600837
522.0,10.088897,7.89696139216423
523.0,10.091013,7.894893007278441
524.0,10.079624,7.89278802394867
525.0,10.078441,7.89165626764297
526.0,10.066271,7.889553769826881
527.0,10.054487,7.888545348644251
528.0,10.046383,7.885979636907569
529.0,10.050901,7.8849498951435
530.0,10.035272,7.882877992391581
531.0,10.035334,7.881755522489541
532.0,10.021356,7.87968671560287
533.0,10.021762,7.87865888833999
534.0,10.004413,7.8765913438796895
535.0,10.002326,7.8755928504467
536.0,9.994364,7.8735345005989
537.0,9.981181,7.87147556304931
538.0,9.982573,7.8704789602756495
539.0,9.969996,7.86841517210006
540.0,9.963789,7.8674192225933
541.0,9.968976,7.86536401748657
542.0,9.956978,7.86436749219894
543.0,9.94042,7.86232087135315
544.0,9.942909,7.861326819658269
545.0,9.918926,7.8592729127407
546.0,9.931977,7.85827767848968
547.0,9.923734,7.85729100584983
548.0,9.911424,7.85524081587791
549.0,9.904862,7.854277368783951
550.0,9.902063,7.85223515152931
551.0,9.898884,7.8513651251792895
552.0,9.892617,7.84932354927063
553.0,9.890034,7.84836139082908
554.0,9.888436,7.8468178987503
555.0,9.867763,7.845833804607389
556.0,9.869185,7.843825252056121
557.0,9.857591,7.84295776844024
558.0,9.851756,7.8409498631954095
559.0,9.850059,7.83996644616127
560.0,9.857967,7.838982428312299
561.0,9.852146,7.8369770133495305
562.0,9.870796,7.83611754417419
563.0,9.850936,7.83411276221275
564.0,9.853832,7.8336586022377
565.0,9.841761,7.8317484581470405
566.0,9.847378,7.830797500610349
567.0,9.853633,7.82982213973999
568.0,9.845817,7.82782109856605
569.0,9.84106,7.826993473768231
570.0,9.825033,7.82546121835708
571.0,9.838616,7.82451826691627
572.0,9.835904,7.82264362454414
573.0,9.837294,7.82166835665702
574.0,9.82617,7.82084263682365
575.0,9.823177,7.818853900432581
576.0,9.819871,7.81840235352516
577.0,9.810421,7.81650642633438
578.0,9.810598,7.81556418538093
579.0,9.813417,7.81474036455154
580.0,9.820844,7.8132515776157305
581.0,9.805823,7.812310601472849
582.0,9.798811,7.810447083711621
583.0,9.79486,7.80949941992759
584.0,9.792653,7.808683601617809
585.0,9.795129,7.807196710109709
586.0,9.796003,7.806380915641779
587.0,9.788798,7.805440626144409
588.0,9.782528,7.80358146190643
589.0,9.78149,7.8031410729885105
590.0,9.793033,7.801284381151199
591.0,9.785614,7.80034413337707
592.0,9.785376,7.79953635454177
593.0,9.785521,7.7980544507503495
594.0,9.769784,7.79724058508873
595.0,9.770529,7.796426131725311
596.0,9.766534,7.79495463490486
597.0,9.757671,7.794140807390209
598.0,9.76082,7.793232393264771
599.0,9.742662,7.79138617873191
600.0,9.74344,7.790948365926741
601.0,9.738156,7.79013580679893
602.0,9.743563,7.78829085230827
603.0,9.746777,7.7878848075866705
604.0,9.757013,7.7860398697852995
605.0,9.742933,7.7852352964878
606.0,9.737604,7.784829891920079
607.0,9.733142,7.782988044023511
608.0,9.730785,7.78217556476593
609.0,9.733581,7.781777522563931
610.0,9.726096,7.7799369287490805
611.0,9.727713,7.779131803512571
612.0,9.719326,7.7787289083004
613.0,9.717155,7.77792441606521
614.0,9.721307,7.7761155962944
615.0,9.723377,7.7756895434856395
616.0,9.716096,7.77488630533218
617.0,9.707244,7.77307690501213
618.0,9.711567,7.772776007652279
619.0,9.708881,7.7718794107437095
620.0,9.71271,7.77054368376731
621.0,9.699117,7.769772226810449
622.0,9.680678,7.76897087693214
623.0,9.69038,7.767541786432259
624.0,9.684258,7.766739847660061
625.0,9.69155,7.766470756530761
626.0,9.678628,7.76466755032539
627.0,9.684517,7.7638656353950495
628.0,9.67424,7.76347938537597
629.0,9.666388,7.762678102254859
630.0,9.66809,7.76137786269187
631.0,9.656395,7.760607727766029
632.0,9.651906,7.75981501579284
633.0,9.650031,7.758515418767919
634.0,9.647593,7.75762812256813
635.0,9.636393,7.757331042289731
636.0,9.640073,7.75656156182289
637.0,9.624486,7.75476883172988
638.0,9.63254,7.75450351834297
639.0,9.633916,7.753710867166511
640.0,9.629153,7.752414381504059
641.0,9.620343,7.7515277576446495
642.0,9.61703,7.751262477636329
643.0,9.607118,7.750469859838479
644.0,9.600715,7.749183177947989
645.0,9.605267,7.74841438174247
646.0,9.605863,7.74765475392341
647.0,9.597023,7.74636870145797
648.0,9.605681,7.7455999314785
649.0,9.588846,7.74531335115432
650.0,9.582717,7.7445525252819
651.0,9.582009,7.74326163053512
652.0,9.568774,7.74250265359878
653.0,9.569459,7.742246007919309
654.0,9.57154,7.74136071205139
655.0,9.573138,7.740078994035721
656.0,9.566578,7.73931822180748
657.0,9.568058,7.73906344175338
658.0,9.560361,7.7382971894741
659.0,9.550787,7.73701611518859
660.0,9.555745,7.736257209777831
661.0,9.53945,7.73600306153297
662.0,9.533559,7.7352441656589495
663.0,9.538996,7.7339643478393505
664.0,9.528772,7.73320607185363
665.0,9.532799,7.73295195817947
666.0,9.527349,7.7322004199028
667.0,9.508503,7.73092245101928
668.0,9.510105,7.73016543030738
669.0,9.503257,7.7299119567871095
670.0,9.511644,7.7292788529396
671.0,9.518861,7.728001526594159
672.0,9.505639,7.72724514484405
673.0,9.507476,7.726999629735939
674.0,9.486893,7.726242650747291
675.0,9.481062,7.7249977004528
676.0,9.48455,7.724241342544549
677.0,9.47499,7.723995859622949
678.0,9.479331,7.723744889497749
679.0,9.467128,7.722987942695609
680.0,9.45938,7.72172044634819
681.0,9.471006,7.7209952509403195
682.0,9.458113,7.72074430465698
683.0,9.458013,7.71999531626701
684.0,9.45601,7.71884747385978
685.0,9.440324,7.71809911131858
686.0,9.451453,7.7178793191909705
687.0,9.443673,7.717130966186519
688.0,9.441268,7.71688066959381
689.0,9.446971,7.7156168889999295
690.0,9.421369,7.7148923599720005
691.0,9.431985,7.714648796319961
692.0,9.435009,7.714019497632981
693.0,9.404983,7.712756351232521
694.0,9.418693,7.71203367710113
695.0,9.419815,7.71179135799408
696.0,9.393044,7.711549044847479
697.0,9.417948,7.710824556350699
698.0,9.40157,7.7095651006698604
699.0,9.39183,7.70893523216247
700.0,9.420065,7.708724679946891
701.0,9.38474,7.70797824263572
702.0,9.392604,7.707735959291449
703.0,9.411066,7.706501560211181
704.0,9.372686,7.70587965488433
705.0,9.388424,7.70563922047615
706.0,9.394493,7.70492272377014
707.0,9.352633,7.704675587415689
708.0,9.392469,7.7034479260444595
709.0,9.397089,7.70282787919044
710.0,9.347364,7.702588087320319
711.0,9.381982,7.70187099814415
712.0,9.381051,7.70163182735443
713.0,9.344144,7.70039931058883
714.0,9.391516,7.69977928757667
715.0,9.363863,7.69956943035125
716.0,9.323537,7.699330887794489
717.0,9.379082,7.698615666627879
718.0,9.351303,7.697486937046049
719.0,9.319286,7.696772334575649
720.0,9.39547,7.69653381466865
721.0,9.359426,7.6962940776348105
722.0,9.306081,7.69570644497871
723.0,9.389479,7.69448313355445
724.0,9.35534,7.69424463510513
725.0,9.301947,7.69353006482124
726.0,9.375822,7.69341791629791
727.0,9.346886,7.69270335555076
728.0,9.298238,7.69246609210968
729.0,9.364142,7.69124464511871
730.0,9.359697,7.69063324689865
731.0,9.294489,7.690425906181329
732.0,9.343237,7.69018927454948
733.0,9.376626,7.68947473883628
734.0,9.284397,7.6883814895153
735.0,9.325765,7.68814487218856
736.0,9.363738,7.687438287734979
737.0,9.287833,7.68732680082321
738.0,9.316729,7.686614122390741
739.0,9.362466,7.686407427787779
740.0,9.278392,7.685284909009931
741.0,9.290877,7.68457834601402
742.0,9.352161,7.68434237360954
743.0,9.287623,7.68426265001297
744.0,9.26619,7.6835499989986396
745.0,9.351705,7.68332136154174
746.0,9.33042,7.682229995727539
747.0,9.255922,7.6815179669857
748.0,9.334126,7.681289947032919
749.0,9.357317,7.68121025204658
750.0,9.273947,7.68049762845039
751.0,9.297985,7.68026962041854
752.0,9.361145,7.679179503917689
753.0,9.292007,7.67847482442855
754.0,9.249675,7.67827124476432
755.0,9.356459,7.67816227793693
756.0,9.317904,7.677457612752909
757.0,9.261766,7.677253437042229
758.0,9.329773,7.676141979694361
759.0,9.363614,7.67593659639358
760.0,9.245892,7.67523255109787
761.0,9.258899,7.675155346393581
762.0,9.382344,7.674927999973289
763.0,9.288445,7.67434298753738
764.0,9.213628,7.673136948347089
765.0,9.32272,7.67293341994285
766.0,9.343999,7.67232644438743
767.0,9.254438,7.67212292194366
768.0,9.278494,7.67192672252655
769.0,9.361792,7.6713417375087705
770.0,9.301869,7.671146160364151
771.0,9.204522,7.67003719210624
772.0,9.33511,7.669833687543861
773.0,9.38804,7.66913092017173
774.0,9.210543,7.669054979085919
775.0,9.246762,7.6688594245910595
776.0,9.386586,7.66825065851211
777.0,9.286627,7.6680496072769095
778.0,9.169903,7.666973019838331
779.0,9.308204,7.66626905202865
780.0,9.386958,7.6660680103302
781.0,9.216799,7.665999430418011
782.0,9.186918,7.6657745957374495
783.0,9.391785,7.6651975929737
784.0,9.378319,7.664994742870331
785.0,9.14025,7.66379427194595
786.0,9.25907,7.6632172799110405
787.0,9.452704,7.663016269207
788.0,9.27195,7.66294831633567
789.0,9.125527,7.66272350668907
790.0,9.35038,7.66214653372764
791.0,9.448895,7.66195346593856
792.0,9.175112,7.66087326169014
793.0,9.160937,7.66067898511886
794.0,9.446701,7.659976898431769
795.0,9.331068,7.659910800456999
796.0,9.061688,7.65971592068672
797.0,9.227848,7.6591334772109905
798.0,9.517013,7.658940433263769
799.0,9.314972,7.657867574691769
800.0,9.057651,7.65767515301704
