,nm,Sample1Ref,Sample2Ref,Sample3Ref,Sample4Ref
450,350.0,12.861306,15.86604,13.394721,12.761592
449,351.0,12.731376,15.810058,13.506158,12.690969
448,352.0,12.751664,15.809066,13.383421,12.642524
447,353.0,12.718066,15.789743,13.301711,12.680343
446,354.0,12.806545,15.676974,13.142866,12.696559
445,355.0,12.666758,15.671698,13.233694,12.618696
444,356.0,12.686634,15.731043,13.151996,12.558597
443,357.0,12.684535,15.628273,13.024695,12.59823
442,358.0,12.686496,15.697034,13.109568,12.589426
441,359.0,12.760933,15.599201,13.005767,12.574823
440,360.0,12.716754,15.617043,13.024195,12.480029
439,361.0,12.667533,15.584618,12.799307,12.545377
438,362.0,12.621413,15.486696,12.671732,12.506433
437,363.0,12.547203,15.382552,12.600662,12.475007
436,364.0,12.544242,15.333002,12.587561,12.403563
435,365.0,12.467983,15.230659,12.478747,12.330612
434,366.0,12.392071,15.140844,12.120377,12.239287
433,367.0,12.331608,15.1075,12.133049,12.192781
432,368.0,12.301481,14.967775,11.990412,12.108363
431,369.0,12.249265,14.905291,11.608441,12.14437
430,370.0,12.173998,14.74418,11.169021,12.01451
429,371.0,12.109416,14.85593,11.034807,11.958053
428,372.0,12.016832,14.66009,10.609099,11.907621
427,373.0,11.896698,14.546297,10.046406,11.835779
426,374.0,11.938366,14.439711,9.526256,11.826783
425,375.0,11.814504,14.271465,9.160014,11.783289
424,376.0,11.802498,14.125765,9.767594,11.64999
423,377.0,11.887547,14.094418,10.696041,11.765784
422,378.0,12.144397,14.39758,11.636278,11.985574
421,379.0,12.06969,14.338578,12.279229,11.939605
420,380.0,12.034421,14.258854,12.290276,11.941535
419,381.0,12.037678,14.169936,12.253735,11.911324
418,382.0,11.995623,14.096345,12.218844,11.900399
417,383.0,11.980315,14.068364,12.188698,11.859738
416,384.0,11.977329,14.008136,12.15609,11.819494
415,385.0,11.944015,13.949066,12.137464,11.821676
414,386.0,11.934646,13.91183,12.119213,11.773077
413,387.0,11.935917,13.875725,12.149426,11.753922
412,388.0,11.89429,13.854551,12.137937,11.720177
411,389.0,11.856806,13.789914,12.110551,11.684102
410,390.0,11.820273,13.760156,12.061896,11.683302
409,391.0,11.77514,13.742406,12.058737,11.653284
408,392.0,11.75487,13.690497,12.049786,11.630384
407,393.0,11.742144,13.663912,12.051355,11.610342
406,394.0,11.72877,13.6492,12.030831,11.588906
405,395.0,11.706377,13.612254,12.008646,11.560817
404,396.0,11.676322,13.601698,11.966214,11.538483
403,397.0,11.647863,13.550986,11.959512,11.521707
402,398.0,11.63324,13.524169,11.940567,11.50107
401,399.0,11.624599,13.513265,11.928187,11.501934
400,400.0,11.599021,13.492427,11.889027,11.479656
399,401.0,11.572923,13.448633,11.855976,11.458207
398,402.0,11.5734,13.409179,11.822244,11.450145
397,403.0,11.553123,13.395969,11.806805,11.439706
396,404.0,11.548751,13.377631,11.802691,11.416756
395,405.0,11.545809,13.348136,11.772858,11.400558
394,406.0,11.530717,13.34337,11.722878,11.374215
393,407.0,11.523668,13.328489,11.703844,11.383954
392,408.0,11.529804,13.289728,11.72493,11.367293
391,409.0,11.51246,13.259999,11.695089,11.347183
390,410.0,11.506235,13.251512,11.680104,11.341934
389,411.0,11.498625,13.236277,11.651132,11.33735
388,412.0,11.484814,13.199479,11.629829,11.313665
387,413.0,11.469599,13.174017,11.606039,11.289639
386,414.0,11.438998,13.153019,11.596753,11.269678
385,415.0,11.434087,13.128298,11.571383,11.262121
384,416.0,11.416857,13.11072,11.55608,11.241412
383,417.0,11.393872,13.082904,11.550587,11.220107
382,418.0,11.382972,13.062185,11.544267,11.202911
381,419.0,11.35766,13.041212,11.543489,11.204312
380,420.0,11.342059,13.004102,11.531518,11.189546
379,421.0,11.335166,12.994053,11.506257,11.166025
378,422.0,11.317849,12.984477,11.490599,11.146066
377,423.0,11.298063,12.95473,11.491326,11.132588
376,424.0,11.274611,12.93415,11.48945,11.121219
375,425.0,11.244009,12.911732,11.471582,11.103423
374,426.0,11.240038,12.879512,11.478361,11.081517
373,427.0,11.225275,12.861378,11.474226,11.069324
372,428.0,11.204566,12.858753,11.452523,11.052851
371,429.0,11.184216,12.835163,11.430273,11.044444
370,430.0,11.159388,12.816715,11.413366,11.021041
369,431.0,11.14661,12.804631,11.395718,11.00738
368,432.0,11.145078,12.788575,11.391452,11.00542
367,433.0,11.137227,12.763435,11.389114,10.983906
366,434.0,11.114779,12.739848,11.386024,10.979705
365,435.0,11.104979,12.722733,11.364327,10.965046
364,436.0,11.095696,12.70282,11.328798,10.942178
363,437.0,11.062745,12.691371,11.316452,10.930864
362,438.0,11.062739,12.669874,11.281388,10.92786
361,439.0,11.062591,12.646394,11.273257,10.920535
360,440.0,11.057735,12.646997,11.29264,10.912069
359,441.0,11.036703,12.621089,11.251875,10.890615
358,442.0,11.014144,12.596026,11.204529,10.861514
357,443.0,11.008238,12.573286,11.182745,10.851943
356,444.0,11.004216,12.555079,11.177708,10.876534
355,445.0,11.012721,12.548231,11.191189,10.895303
354,446.0,11.022,12.544213,11.198794,10.88108
353,447.0,11.029019,12.540468,11.203467,10.871368
352,448.0,11.023966,12.531116,11.188127,10.851311
351,449.0,11.020054,12.507985,11.186568,10.832755
350,450.0,11.0199,12.501944,11.180324,10.833826
349,451.0,11.008274,12.495192,11.169198,10.831673
348,452.0,11.002059,12.477872,11.17465,10.824165
347,453.0,10.998748,12.47121,11.170858,10.810183
346,454.0,10.992919,12.464866,11.153105,10.79696
345,455.0,11.0062,12.453531,11.141632,10.780012
344,456.0,11.008779,12.451105,11.130805,10.761018
343,457.0,10.991534,12.442764,11.130708,10.75466
342,458.0,10.991661,12.418217,11.129501,10.747451
341,459.0,10.981916,12.40175,11.114955,10.731927
340,460.0,10.969176,12.387702,11.094923,10.713106
339,461.0,10.962992,12.367715,11.092411,10.681937
338,462.0,10.947129,12.358706,11.090699,10.656348
337,463.0,10.937597,12.355728,11.089339,10.637139
336,464.0,10.917376,12.350455,11.077663,10.621656
335,465.0,10.89193,12.334217,11.051865,10.600597
334,466.0,10.881195,12.300728,11.038889,10.576719
333,467.0,10.866823,12.287584,11.036034,10.568286
332,468.0,10.840434,12.282995,11.019757,10.541246
331,469.0,10.829205,12.266582,11.003567,10.513153
330,470.0,10.821124,12.245748,10.995076,10.498447
329,471.0,10.79394,12.231289,10.984459,10.475092
328,472.0,10.773266,12.219297,10.972859,10.458379
327,473.0,10.761526,12.201029,10.970713,10.447664
326,474.0,10.746146,12.17958,10.959759,10.431268
325,475.0,10.737739,12.168147,10.933551,10.418639
324,476.0,10.722449,12.151858,10.923726,10.408982
323,477.0,10.702853,12.138886,10.911141,10.405121
322,478.0,10.683879,12.140597,10.906464,10.387165
321,479.0,10.664162,12.122617,10.888052,10.363385
320,480.0,10.639556,12.083615,10.848633,10.348239
319,481.0,10.618811,12.060681,10.827154,10.346322
318,482.0,10.617879,12.055436,10.817117,10.346599
317,483.0,10.613017,12.042853,10.820825,10.362116
316,484.0,10.60163,12.022445,10.839755,10.376555
315,485.0,10.594747,12.022878,10.837999,10.372508
314,486.0,10.599515,12.019809,10.837257,10.382697
313,487.0,10.612405,12.012437,10.846511,10.387633
312,488.0,10.608224,11.999479,10.849931,10.391034
311,489.0,10.599001,11.992409,10.837281,10.38328
310,490.0,10.593763,11.993026,10.841822,10.3796
309,491.0,10.594379,11.982209,10.848443,10.392289
308,492.0,10.594973,11.983931,10.852573,10.399975
307,493.0,10.598698,11.985186,10.861817,10.38741
306,494.0,10.597466,11.965192,10.863965,10.386648
305,495.0,10.604208,11.946057,10.880272,10.37456
304,496.0,10.601413,11.947237,10.882404,10.388057
303,497.0,10.595283,11.957841,10.88312,10.373198
302,498.0,10.603062,11.962487,10.865871,10.368943
301,499.0,10.608712,11.952717,10.878197,10.358438
300,500.0,10.616381,11.953357,10.868659,10.365035
299,501.0,10.613725,11.943737,10.884102,10.338935
298,502.0,10.622536,11.946203,10.866848,10.325227
297,503.0,10.61368,11.929722,10.837236,10.307499
296,504.0,10.613371,11.91103,10.82874,10.304667
295,505.0,10.603319,11.90637,10.817065,10.286836
294,506.0,10.601299,11.91348,10.800156,10.274333
293,507.0,10.600426,11.875913,10.774882,10.25917
292,508.0,10.600262,11.870574,10.756219,10.25346
291,509.0,10.58865,11.876831,10.740182,10.232701
290,510.0,10.585532,11.85314,10.72306,10.220064
289,511.0,10.599335,11.839255,10.706012,10.206255
288,512.0,10.587102,11.839437,10.693193,10.203187
287,513.0,10.56277,11.81471,10.670628,10.18207
286,514.0,10.578308,11.791684,10.654941,10.177288
285,515.0,10.555122,11.779295,10.649389,10.161528
284,516.0,10.53333,11.76733,10.635235,10.152387
283,517.0,10.544534,11.749548,10.614951,10.143678
282,518.0,10.543255,11.730381,10.605329,10.129486
281,519.0,10.515782,11.738313,10.596311,10.128027
280,520.0,10.522017,11.702856,10.578091,10.116656
279,521.0,10.52415,11.695481,10.571391,10.10246
278,522.0,10.480164,11.69417,10.557872,10.088897
277,523.0,10.503582,11.67737,10.551045,10.091013
276,524.0,10.500838,11.657359,10.543564,10.079624
275,525.0,10.465747,11.655411,10.525516,10.078441
274,526.0,10.469644,11.646092,10.514465,10.066271
273,527.0,10.465975,11.620086,10.503882,10.054487
272,528.0,10.428854,11.622388,10.504083,10.046383
271,529.0,10.451576,11.595353,10.495379,10.050901
270,530.0,10.436788,11.581607,10.495581,10.035272
269,531.0,10.408224,11.588025,10.487866,10.035334
268,532.0,10.426448,11.566347,10.482229,10.021356
267,533.0,10.393291,11.538729,10.480014,10.021762
266,534.0,10.375774,11.548233,10.456435,10.004413
265,535.0,10.38051,11.520704,10.450679,10.002326
264,536.0,10.366202,11.511495,10.450933,9.994364
263,537.0,10.354238,11.507538,10.44666,9.981181
262,538.0,10.346327,11.496067,10.441292,9.982573
261,539.0,10.320805,11.474371,10.431061,9.969996
260,540.0,10.335242,11.479973,10.424781,9.963789
259,541.0,10.313564,11.453576,10.417058,9.968976
258,542.0,10.304119,11.443933,10.42544,9.956978
257,543.0,10.312523,11.43561,10.425006,9.94042
256,544.0,10.284592,11.40329,10.407116,9.942909
255,545.0,10.272305,11.399696,10.403138,9.918926
254,546.0,10.278129,11.395915,10.401289,9.931977
253,547.0,10.251877,11.382574,10.399546,9.923734
252,548.0,10.266358,11.386877,10.397733,9.911424
251,549.0,10.246796,11.351369,10.381691,9.904862
250,550.0,10.231819,11.372292,10.396673,9.902063
249,551.0,10.236233,11.354162,10.389368,9.898884
248,552.0,10.196111,11.340521,10.372822,9.892617
247,553.0,10.212524,11.342374,10.378925,9.890034
246,554.0,10.19883,11.305491,10.380342,9.888436
245,555.0,10.18976,11.30669,10.364978,9.867763
244,556.0,10.207418,11.298657,10.369023,9.869185
243,557.0,10.161145,11.281511,10.36019,9.857591
242,558.0,10.196165,11.290208,10.354979,9.851756
241,559.0,10.142836,11.263079,10.362868,9.850059
240,560.0,10.197005,11.261506,10.36194,9.857967
239,561.0,10.178698,11.26399,10.386911,9.852146
238,562.0,10.165452,11.256659,10.378853,9.870796
237,563.0,10.182299,11.266959,10.389438,9.850936
236,564.0,10.135501,11.234517,10.388401,9.853832
235,565.0,10.18132,11.247599,10.379049,9.841761
234,566.0,10.122785,11.220563,10.385555,9.847378
233,567.0,10.164409,11.239077,10.383021,9.853633
232,568.0,10.120494,11.202064,10.378566,9.845817
231,569.0,10.144785,11.186614,10.381937,9.84106
230,570.0,10.1326,11.196066,10.372874,9.825033
229,571.0,10.131064,11.18604,10.365331,9.838616
228,572.0,10.138184,11.175462,10.36498,9.835904
227,573.0,10.119426,11.148388,10.369073,9.837294
226,574.0,10.146246,11.153727,10.355034,9.82617
225,575.0,10.113881,11.154147,10.360689,9.823177
224,576.0,10.134051,11.135256,10.371391,9.819871
223,577.0,10.099149,11.123753,10.365305,9.810421
222,578.0,10.129822,11.121735,10.340361,9.810598
221,579.0,10.094593,11.117092,10.33644,9.813417
220,580.0,10.126055,11.11144,10.336332,9.820844
219,581.0,10.097884,11.105834,10.344864,9.805823
218,582.0,10.113069,11.088048,10.336235,9.798811
217,583.0,10.104321,11.093215,10.334217,9.79486
216,584.0,10.116512,11.069824,10.314733,9.792653
215,585.0,10.10173,11.074562,10.331584,9.795129
214,586.0,10.107527,11.060373,10.308924,9.796003
213,587.0,10.097553,11.070409,10.310014,9.788798
212,588.0,10.072246,11.060344,10.309978,9.782528
211,589.0,10.085589,11.050262,10.306083,9.78149
210,590.0,10.0941,11.045447,10.294204,9.793033
209,591.0,10.094029,11.033481,10.285675,9.785614
208,592.0,10.095251,11.031953,10.296774,9.785376
207,593.0,10.085468,11.012831,10.271725,9.785521
206,594.0,10.084815,11.010164,10.269246,9.769784
205,595.0,10.085901,10.998825,10.256806,9.770529
204,596.0,10.082449,10.994814,10.256314,9.766534
203,597.0,10.097063,10.982464,10.248723,9.757671
202,598.0,10.07404,10.978441,10.240217,9.76082
201,599.0,10.083824,10.962542,10.225794,9.742662
200,600.0,10.071627,10.973755,10.216769,9.74344
199,601.0,10.073372,10.96067,10.216793,9.738156
198,602.0,10.066191,10.942155,10.204329,9.743563
197,603.0,10.075543,10.931198,10.217294,9.746777
196,604.0,10.065544,10.941877,10.212148,9.757013
195,605.0,10.060554,10.934118,10.19528,9.742933
194,606.0,10.054298,10.920202,10.181684,9.737604
193,607.0,10.065939,10.914378,10.183385,9.733142
192,608.0,10.06027,10.899657,10.182607,9.730785
191,609.0,10.060674,10.91758,10.165023,9.733581
190,610.0,10.066076,10.904845,10.17326,9.726096
189,611.0,10.054857,10.878906,10.158767,9.727713
188,612.0,10.052608,10.867579,10.16755,9.719326
187,613.0,10.050026,10.870499,10.142073,9.717155
186,614.0,10.050424,10.878597,10.133896,9.721307
185,615.0,10.051204,10.871216,10.132186,9.723377
184,616.0,10.04241,10.858055,10.129185,9.716096
183,617.0,10.039993,10.853216,10.135859,9.707244
182,618.0,10.034939,10.839112,10.1203,9.711567
181,619.0,10.042806,10.837843,10.110756,9.708881
180,620.0,10.024291,10.82855,10.101839,9.71271
179,621.0,10.033674,10.808721,10.097661,9.699117
178,622.0,10.022242,10.807526,10.090937,9.680678
177,623.0,10.028865,10.795179,10.090534,9.69038
176,624.0,10.014731,10.797929,10.08542,9.684258
175,625.0,10.031475,10.782593,10.087932,9.69155
174,626.0,10.026671,10.779528,10.080658,9.678628
173,627.0,10.012214,10.760024,10.065963,9.684517
172,628.0,10.014846,10.75219,10.065549,9.67424
171,629.0,9.986881,10.749886,10.047026,9.666388
170,630.0,10.010193,10.735873,10.043008,9.66809
169,631.0,9.982656,10.739929,10.035246,9.656395
168,632.0,10.001907,10.738777,10.041632,9.651906
167,633.0,9.984762,10.732826,10.037963,9.650031
166,634.0,9.977336,10.704074,10.029061,9.647593
165,635.0,9.973845,10.696616,10.023358,9.636393
164,636.0,9.96845,10.686929,10.00413,9.640073
163,637.0,9.983457,10.685461,10.006007,9.624486
162,638.0,9.945044,10.675605,9.992,9.63254
161,639.0,9.969882,10.68028,9.99966,9.633916
160,640.0,9.953836,10.683707,9.990307,9.629153
159,641.0,9.95383,10.66895,9.988541,9.620343
158,642.0,9.949371,10.666341,9.991218,9.61703
157,643.0,9.934204,10.643561,9.988129,9.607118
156,644.0,9.950133,10.65196,9.988511,9.600715
155,645.0,9.924321,10.638236,9.977602,9.605267
154,646.0,9.948261,10.634617,9.969559,9.605863
153,647.0,9.92893,10.62045,9.966523,9.597023
152,648.0,9.925668,10.613683,9.95859,9.605681
151,649.0,9.92703,10.626723,9.952542,9.588846
150,650.0,9.9012,10.616793,9.942988,9.582717
149,651.0,9.916224,10.622789,9.968763,9.582009
148,652.0,9.89724,10.595094,9.95136,9.568774
147,653.0,9.892498,10.590627,9.953484,9.569459
146,654.0,9.884663,10.586741,9.945827,9.57154
145,655.0,9.885446,10.574831,9.941286,9.573138
144,656.0,9.895046,10.581233,9.954477,9.566578
143,657.0,9.879507,10.557313,9.935481,9.568058
142,658.0,9.885535,10.572942,9.926673,9.560361
141,659.0,9.8701,10.547768,9.922355,9.550787
140,660.0,9.876513,10.549371,9.937483,9.555745
139,661.0,9.87755,10.546755,9.943188,9.53945
138,662.0,9.859096,10.522426,9.926993,9.533559
137,663.0,9.865219,10.55978,9.931439,9.538996
136,664.0,9.845446,10.516676,9.905697,9.528772
135,665.0,9.853867,10.527288,9.907563,9.532799
134,666.0,9.852884,10.522093,9.917998,9.527349
133,667.0,9.837348,10.499732,9.901452,9.508503
132,668.0,9.837144,10.524698,9.918955,9.510105
131,669.0,9.81429,10.475896,9.905687,9.503257
130,670.0,9.828689,10.486088,9.911115,9.511644
129,671.0,9.820263,10.477134,9.915878,9.518861
128,672.0,9.816051,10.43735,9.899073,9.505639
127,673.0,9.829985,10.478984,9.898216,9.507476
126,674.0,9.798487,10.446141,9.877374,9.486893
125,675.0,9.818724,10.458819,9.885201,9.481062
124,676.0,9.810084,10.465697,9.894129,9.48455
123,677.0,9.787142,10.419302,9.872697,9.47499
122,678.0,9.81762,10.460371,9.886685,9.479331
121,679.0,9.782648,10.415627,9.877238,9.467128
120,680.0,9.789889,10.423137,9.866569,9.45938
119,681.0,9.798564,10.451099,9.872482,9.471006
118,682.0,9.768231,10.377693,9.857912,9.458113
117,683.0,9.804571,10.418523,9.880522,9.458013
116,684.0,9.768326,10.404642,9.8831,9.45601
115,685.0,9.748039,10.36431,9.856934,9.440324
114,686.0,9.784012,10.422241,9.882954,9.451453
113,687.0,9.742836,10.372253,9.868554,9.443673
112,688.0,9.76284,10.386491,9.85624,9.441268
111,689.0,9.765682,10.413432,9.869132,9.446971
110,690.0,9.712753,10.345988,9.858315,9.421369
109,691.0,9.763623,10.403374,9.873082,9.431985
108,692.0,9.74537,10.376404,9.855171,9.435009
107,693.0,9.713042,10.329502,9.836253,9.404983
106,694.0,9.771355,10.403526,9.866202,9.418693
105,695.0,9.712681,10.337227,9.847279,9.419815
104,696.0,9.707836,10.334905,9.844206,9.393044
103,697.0,9.764641,10.377818,9.864726,9.417948
102,698.0,9.690003,10.302934,9.826814,9.40157
101,699.0,9.719075,10.356635,9.839366,9.39183
100,700.0,9.760975,10.360116,9.858986,9.420065
99,701.0,9.67436,10.280431,9.837318,9.38474
98,702.0,9.725334,10.358759,9.842031,9.392604
97,703.0,9.72784,10.316222,9.834599,9.411066
96,704.0,9.664848,10.262043,9.826349,9.372686
95,705.0,9.733496,10.356871,9.838544,9.388424
94,706.0,9.705742,10.283518,9.812041,9.394493
93,707.0,9.660161,10.259266,9.818923,9.352633
92,708.0,9.753179,10.327987,9.847365,9.392469
91,709.0,9.683445,10.24816,9.810033,9.397089
90,710.0,9.63103,10.273621,9.82562,9.347364
89,711.0,9.738168,10.318473,9.849884,9.381982
88,712.0,9.68072,10.225265,9.806205,9.381051
87,713.0,9.654008,10.272998,9.829635,9.344144
86,714.0,9.742379,10.294501,9.836063,9.391516
85,715.0,9.653279,10.198445,9.793913,9.363863
84,716.0,9.638385,10.272507,9.838049,9.323537
83,717.0,9.744272,10.281408,9.836624,9.379082
82,718.0,9.654065,10.183002,9.814335,9.351303
81,719.0,9.654502,10.26664,9.854396,9.319286
80,720.0,9.749873,10.241407,9.82824,9.39547
79,721.0,9.661058,10.16952,9.787719,9.359426
78,722.0,9.650251,10.259451,9.852003,9.306081
77,723.0,9.736158,10.223454,9.823379,9.389479
76,724.0,9.640084,10.157058,9.760057,9.35534
75,725.0,9.63933,10.24867,9.819284,9.301947
74,726.0,9.747157,10.20289,9.804558,9.375822
73,727.0,9.657567,10.144732,9.768049,9.346886
72,728.0,9.637211,10.226283,9.853096,9.298238
71,729.0,9.739728,10.181539,9.83196,9.364142
70,730.0,9.652954,10.125831,9.7969,9.359697
69,731.0,9.622968,10.224345,9.831744,9.294489
68,732.0,9.761829,10.176216,9.819764,9.343237
67,733.0,9.663739,10.127492,9.746292,9.376626
66,734.0,9.608423,10.236751,9.845464,9.284397
65,735.0,9.71747,10.18312,9.832294,9.325765
64,736.0,9.666522,10.11186,9.78186,9.363738
63,737.0,9.606128,10.219486,9.8229,9.287833
62,738.0,9.71582,10.170407,9.838111,9.316729
61,739.0,9.675792,10.092231,9.765597,9.362466
60,740.0,9.589907,10.204186,9.815313,9.278392
59,741.0,9.708319,10.14275,9.847688,9.290877
58,742.0,9.705809,10.053187,9.756761,9.352161
57,743.0,9.603095,10.180221,9.799362,9.287623
56,744.0,9.679113,10.178936,9.8476,9.26619
55,745.0,9.712253,10.075295,9.761934,9.351705
54,746.0,9.629906,10.162183,9.779263,9.33042
53,747.0,9.664607,10.180354,9.879323,9.255922
52,748.0,9.72649,10.037214,9.784802,9.334126
51,749.0,9.618074,10.110876,9.730412,9.357317
50,750.0,9.63134,10.19124,9.827744,9.273947
49,751.0,9.714397,10.049696,9.81033,9.297985
48,752.0,9.650349,10.100437,9.739532,9.361145
47,753.0,9.612266,10.190396,9.838616,9.292007
46,754.0,9.714611,10.044667,9.842334,9.249675
45,755.0,9.687417,10.036228,9.727893,9.356459
44,756.0,9.618492,10.182558,9.805683,9.317904
43,757.0,9.696978,10.097819,9.871723,9.261766
42,758.0,9.703466,9.997987,9.728764,9.329773
41,759.0,9.619433,10.181495,9.746645,9.363614
40,760.0,9.660134,10.141274,9.854113,9.245892
39,761.0,9.724629,9.990887,9.774093,9.258899
38,762.0,9.644385,10.135645,9.703603,9.382344
37,763.0,9.627526,10.175473,9.850297,9.288445
36,764.0,9.719478,9.99167,9.796358,9.213628
35,765.0,9.663315,10.045521,9.696834,9.32272
34,766.0,9.626795,10.19293,9.764389,9.343999
33,767.0,9.702914,10.062256,9.850183,9.254438
32,768.0,9.703868,9.991167,9.718277,9.278494
31,769.0,9.626152,10.163522,9.70113,9.361792
30,770.0,9.693133,10.110526,9.843394,9.301869
29,771.0,9.716748,9.93673,9.803498,9.204522
28,772.0,9.631713,10.095027,9.688491,9.33511
27,773.0,9.640322,10.197877,9.790997,9.38804
26,774.0,9.752503,9.988346,9.807129,9.210543
25,775.0,9.657658,10.006963,9.740306,9.246762
24,776.0,9.594098,10.190456,9.766,9.386586
23,777.0,9.723365,10.053702,9.857614,9.286627
22,778.0,9.765081,9.912736,9.726406,9.169903
21,779.0,9.582612,10.122063,9.653836,9.308204
20,780.0,9.653898,10.17224,9.803157,9.386958
19,781.0,9.80684,9.944841,9.829277,9.216799
18,782.0,9.653567,10.00651,9.690611,9.186918
17,783.0,9.564461,10.221261,9.721804,9.391785
16,784.0,9.756735,10.003013,9.824025,9.378319
15,785.0,9.798766,9.898461,9.727245,9.14025
14,786.0,9.540091,10.158031,9.669384,9.25907
13,787.0,9.612462,10.157409,9.79537,9.452704
12,788.0,9.837104,9.889921,9.832151,9.27195
11,789.0,9.690316,9.974033,9.671334,9.125527
10,790.0,9.506866,10.190619,9.676201,9.35038
9,791.0,9.734602,10.005467,9.797813,9.448895
8,792.0,9.858141,9.847944,9.737195,9.175112
7,793.0,9.538981,10.100279,9.58819,9.160937
6,794.0,9.53529,10.1692,9.758809,9.446701
5,795.0,9.838854,9.873666,9.816272,9.331068
4,796.0,9.79872,9.908641,9.715452,9.061688
3,797.0,9.491477,10.19306,9.693407,9.227848
2,798.0,9.623393,10.095511,9.736783,9.517013
1,799.0,9.915216,9.839536,9.717992,9.314972
0,800.0,9.669079,10.033519,9.708342,9.057651
