,Wavelength,Reflectance-Bare,Reflectance-QD
0,800.0,7.9096735,10.491610999999999
1,799.0,7.9052645,10.466403
2,798.0,7.8905055,10.4396785
3,797.0,7.876563000000001,10.455474500000001
4,796.0,7.8678995,10.436143000000001
5,795.0,7.8900245,10.452797499999999
6,794.0,7.8749065,10.458897499999999
7,793.0,7.870384,10.476485499999999
8,792.0,7.8543614999999996,10.4880745
9,791.0,7.866122000000001,10.451073999999998
10,790.0,7.843014500000001,10.472343500000001
11,789.0,7.855164500000001,10.4419085
12,788.0,7.861938,10.439758000000001
13,787.0,7.850036,10.4158615
14,786.0,7.847950000000001,10.409486000000001
15,785.0,7.820762,10.4259755
16,784.0,7.8348995,10.4243055
17,783.0,7.8357335,10.436945
18,782.0,7.8182515,10.4199515
19,781.0,7.820598499999999,10.400731
20,780.0,7.8215105000000005,10.4195085
21,779.0,7.822686,10.409245
22,778.0,7.8327035,10.3905065
23,777.0,7.8254995,10.406152500000001
24,776.0,7.8030855,10.4090305
25,775.0,7.810105500000001,10.413668000000001
26,774.0,7.806395,10.399242
27,773.0,7.7866805,10.410183499999999
28,772.0,7.7840865,10.401769
29,771.0,7.789339,10.40643
30,770.0,7.770474500000001,10.3898445
31,769.0,7.7674575,10.392406000000001
32,768.0,7.7694225,10.4006735
33,767.0,7.7623315,10.397515
34,766.0,7.776267499999999,10.376678
35,765.0,7.767521500000001,10.376165
36,764.0,7.7603165,10.368589
37,763.0,7.786785,10.3637315
38,762.0,7.7729444999999995,10.363367
39,761.0,7.764606000000001,10.3467265
40,760.0,7.7478739999999995,10.347544500000001
41,759.0,7.7543255,10.343301499999999
42,758.0,7.739763,10.337561
43,757.0,7.721382500000001,10.338385
44,756.0,7.715746,10.347985999999999
45,755.0,7.7156020000000005,10.3414825
46,754.0,7.7280809999999995,10.3401905
47,753.0,7.731588500000001,10.340023500000001
48,752.0,7.729908,10.342302
49,751.0,7.712065000000001,10.3317345
50,750.0,7.722542000000001,10.333187500000001
51,749.0,7.7265705,10.3445775
52,748.0,7.728070499999999,10.3321915
53,747.0,7.710412,10.3177895
54,746.0,7.7128,10.311261
55,745.0,7.716145,10.3028115
56,744.0,7.691800000000001,10.2994295
57,743.0,7.7005805,10.2960675
58,742.0,7.700785,10.2985405
59,741.0,7.6887505,10.311129999999999
60,740.0,7.68487,10.2889335
61,739.0,7.689655500000001,10.2954325
62,738.0,7.681426500000001,10.2997495
63,737.0,7.680935,10.3050635
64,736.0,7.672684,10.2978925
65,735.0,7.6652295,10.304019
66,734.0,7.6773965,10.292643
67,733.0,7.676925499999999,10.311515
68,732.0,7.6639415,10.305084
69,731.0,7.6720745,10.3008235
70,730.0,7.661619,10.290827499999999
71,729.0,7.6522735,10.29768
72,728.0,7.645379999999999,10.302637
73,727.0,7.6554345,10.3052905
74,726.0,7.6528905,10.317933499999999
75,725.0,7.6371545,10.316814
76,724.0,7.6252325,10.3095095
77,723.0,7.6268545,10.299564499999999
78,722.0,7.6269445000000005,10.301361499999999
79,721.0,7.6289815,10.295185
80,720.0,7.6341265,10.304596
81,719.0,7.6320619999999995,10.3025885
82,718.0,7.6334295,10.296837
83,717.0,7.6186,10.298365
84,716.0,7.614509,10.303701
85,715.0,7.6158605,10.2962365
86,714.0,7.61555,10.303184
87,713.0,7.612712,10.3158995
88,712.0,7.615905,10.315297000000001
89,711.0,7.6082555,10.3109265
90,710.0,7.5990605,10.2979755
91,709.0,7.595869,10.285106500000001
92,708.0,7.5993865,10.295853999999999
93,707.0,7.598622000000001,10.300485
94,706.0,7.592258,10.297284
95,705.0,7.588744999999999,10.296922
96,704.0,7.58798,10.292591
97,703.0,7.584274,10.2916885
98,702.0,7.584604499999999,10.2943995
99,701.0,7.58386,10.2944805
100,700.0,7.576962,10.289265
101,699.0,7.5779440000000005,10.286739
102,698.0,7.570209500000001,10.293056
103,697.0,7.5646315,10.2972035
104,696.0,7.5663905,10.2862075
105,695.0,7.5703115,10.2903535
106,694.0,7.5698445,10.2937965
107,693.0,7.567012500000001,10.290996499999999
108,692.0,7.55711,10.284402
109,691.0,7.553243999999999,10.285567499999999
110,690.0,7.559619,10.287265999999999
111,689.0,7.554744,10.286513
112,688.0,7.5411625,10.298735
113,687.0,7.5443169999999995,10.3069795
114,686.0,7.5526065,10.299769999999999
115,685.0,7.549784,10.297958999999999
116,684.0,7.540608000000001,10.2994155
117,683.0,7.5408985,10.2943965
118,682.0,7.541406,10.2959145
119,681.0,7.537828,10.298195499999999
120,680.0,7.5312435,10.2915145
121,679.0,7.521895,10.2815315
122,678.0,7.5183155,10.2846565
123,677.0,7.5241935,10.2878145
124,676.0,7.530274,10.286309
125,675.0,7.531674499999999,10.287863
126,674.0,7.5246575,10.2809915
127,673.0,7.523019,10.278873
128,672.0,7.5240115,10.275927
129,671.0,7.5170984999999995,10.274799999999999
130,670.0,7.5115645,10.2715365
131,669.0,7.517818,10.272044000000001
132,668.0,7.523322,10.269881999999999
133,667.0,7.5129494999999995,10.257809
134,666.0,7.503591500000001,10.2617075
135,665.0,7.4948705,10.2707375
136,664.0,7.494114,10.267297
137,663.0,7.4993385,10.2569995
138,662.0,7.4992315000000005,10.251923999999999
139,661.0,7.498638,10.258312
140,660.0,7.5026995,10.261739
141,659.0,7.499848,10.25931
142,658.0,7.49496,10.256941000000001
143,657.0,7.496729500000001,10.2540855
144,656.0,7.4943375,10.2491595
145,655.0,7.4858285,10.2473
146,654.0,7.482641,10.249974
147,653.0,7.483810500000001,10.245219500000001
148,652.0,7.4816395,10.2464735
149,651.0,7.485563,10.254239
150,650.0,7.4815819999999995,10.2514965
151,649.0,7.4760735,10.250416999999999
152,648.0,7.476729,10.249653
153,647.0,7.4791415,10.255781500000001
154,646.0,7.478255000000001,10.252507999999999
155,645.0,7.479621,10.250885
156,644.0,7.478301,10.248861999999999
157,643.0,7.4692405,10.2421295
158,642.0,7.4767295,10.2380695
159,641.0,7.4776454999999995,10.2424075
160,640.0,7.475365999999999,10.246341000000001
161,639.0,7.4717275,10.245667000000001
162,638.0,7.472417,10.242064
163,637.0,7.473095,10.244188
164,636.0,7.472557500000001,10.245089499999999
165,635.0,7.474036,10.241353499999999
166,634.0,7.476144,10.244394499999999
167,633.0,7.472374,10.2512245
168,632.0,7.47176,10.251203
169,631.0,7.4739165,10.2464435
170,630.0,7.4676755,10.247686000000002
171,629.0,7.4667010000000005,10.258694
172,628.0,7.465067,10.2551235
173,627.0,7.472989500000001,10.2565365
174,626.0,7.4693075,10.256468000000002
175,625.0,7.465923,10.251642
176,624.0,7.4638545,10.2555745
177,623.0,7.464773,10.245494
178,622.0,7.4688865,10.252969
179,621.0,7.461061,10.252181
180,620.0,7.4660805,10.2487935
181,619.0,7.4697225,10.2523275
182,618.0,7.468226,10.2511725
183,617.0,7.4723515,10.2470125
184,616.0,7.470233,10.255287
185,615.0,7.4715705,10.252778
186,614.0,7.4666205,10.245714
187,613.0,7.4707075,10.253665999999999
188,612.0,7.474859,10.247778
189,611.0,7.473284,10.249669
190,610.0,7.4652305000000005,10.2432615
191,609.0,7.467726000000001,10.2409125
192,608.0,7.4684314999999994,10.2495595
193,607.0,7.4717175000000005,10.257458
194,606.0,7.4863435,10.2434425
195,605.0,7.475016,10.247142499999999
196,604.0,7.481120000000001,10.249309
197,603.0,7.480096,10.253403500000001
198,602.0,7.4730805,10.2468985
199,601.0,7.4803125,10.2520555
200,600.0,7.487405000000001,10.2539455
201,599.0,7.4822055,10.257985999999999
202,598.0,7.478674,10.253331
203,597.0,7.4886225,10.259091999999999
204,596.0,7.4923935,10.259167
205,595.0,7.500363500000001,10.264070499999999
206,594.0,7.4973385,10.266079
207,593.0,7.500358,10.261078999999999
208,592.0,7.499732,10.2640115
209,591.0,7.500724,10.264033999999999
210,590.0,7.5071485,10.2499845
211,589.0,7.508515,10.26681
212,588.0,7.501521,10.2614305
213,587.0,7.506272,10.2616425
214,586.0,7.516515,10.269338000000001
215,585.0,7.5113765,10.2648525
216,584.0,7.518288999999999,10.265425
217,583.0,7.5201405,10.264137999999999
218,582.0,7.5202835,10.264486
219,581.0,7.523346999999999,10.270256
220,580.0,7.52872,10.2805185
221,579.0,7.5355665,10.27712
222,578.0,7.5273415,10.266928499999999
223,577.0,7.529813000000001,10.2653195
224,576.0,7.5350595,10.2825205
225,575.0,7.5420955,10.276152499999998
226,574.0,7.5540354999999995,10.2802925
227,573.0,7.542316,10.2704395
228,572.0,7.5514765,10.282048
229,571.0,7.547557,10.270494
230,570.0,7.558186,10.272016
231,569.0,7.5569455,10.274272499999999
232,568.0,7.5645615,10.2747975
233,567.0,7.5615179999999995,10.274621
234,566.0,7.5591025,10.257843999999999
235,565.0,7.5652565,10.261007
236,564.0,7.5756145,10.2551885
237,563.0,7.573722500000001,10.2518975
238,562.0,7.5792535,10.255066
239,561.0,7.53501,10.3528275
240,560.0,7.533657,10.332712
241,559.0,7.5367204999999995,10.3291525
242,558.0,7.531984,10.338165499999999
243,557.0,7.5308475,10.3290665
244,556.0,7.53936,10.3261725
245,555.0,7.541338,10.3227985
246,554.0,7.5470875,10.3214675
247,553.0,7.554234,10.320553499999999
248,552.0,7.5365850000000005,10.315928
249,551.0,7.550819,10.314649
250,550.0,7.5730675000000005,10.3064785
251,549.0,7.5694645000000005,10.320246000000001
252,548.0,7.582663,10.316386
253,547.0,7.5762625,10.311794500000001
254,546.0,7.585948,10.3182155
255,545.0,7.597494,10.322844
256,544.0,7.5978625,10.3242245
257,543.0,7.609199,10.3211965
258,542.0,7.614919,10.3297065
259,541.0,7.620506,10.322476
260,540.0,7.625774,10.3284725
261,539.0,7.626621500000001,10.32283
262,538.0,7.6382625,10.325236
263,537.0,7.6531565,10.331201
264,536.0,7.649006,10.3398495
265,535.0,7.659084999999999,10.344969
266,534.0,7.666513999999999,10.3439655
267,533.0,7.6674175,10.3487545
268,532.0,7.6707925,10.359865
269,531.0,7.68347,10.363727
270,530.0,7.693514,10.3800865
271,529.0,7.6972445,10.3857265
272,528.0,7.710342499999999,10.387146
273,527.0,7.7163035,10.399627500000001
274,526.0,7.731646,10.408333500000001
275,525.0,7.7360295,10.4234105
276,524.0,7.750401500000001,10.434682500000001
277,523.0,7.7564355,10.4497975
278,522.0,7.7684445,10.4514685
279,521.0,7.780975,10.466997
280,520.0,7.7901425,10.472335999999999
281,519.0,7.7991340000000005,10.485512
282,518.0,7.820142000000001,10.5017545
283,517.0,7.8340955,10.506181
284,516.0,7.850783,10.5175965
285,515.0,7.866194,10.5315485
286,514.0,7.878477500000001,10.5286605
287,513.0,7.8992945,10.537078000000001
288,512.0,7.916171,10.546800000000001
289,511.0,7.930728500000001,10.541420500000001
290,510.0,7.9501605,10.545756
291,509.0,7.9775225,10.55034
292,508.0,7.994797,10.543131500000001
293,507.0,8.0157065,10.525426
294,506.0,8.0370715,10.5086855
295,505.0,8.058358,10.4999875
296,504.0,8.0829885,10.510032500000001
297,503.0,8.101576999999999,10.5115085
298,502.0,8.112317000000001,10.515247
299,501.0,8.132904,10.504138000000001
300,500.0,8.144437,10.501559499999999
301,499.0,8.152711499999999,10.488508
302,498.0,8.1592095,10.477416999999999
303,497.0,8.1702235,10.467205499999999
304,496.0,8.1785235,10.4683915
305,495.0,8.185127,10.4569035
306,494.0,8.19403,10.4549395
307,493.0,8.191794999999999,10.446125
308,492.0,8.195142,10.436272500000001
309,491.0,8.202335,10.4360225
310,490.0,8.200122,10.4183465
311,489.0,8.196809,10.41092
312,488.0,8.2051355,10.404536499999999
313,487.0,8.2092225,10.3954685
314,486.0,8.2104405,10.387308
315,485.0,8.2087395,10.381567
316,484.0,8.21095,10.389938
317,483.0,8.2125795,10.3950405
318,482.0,8.209389,10.3912095
319,481.0,8.211441,10.416364000000002
320,480.0,8.231222500000001,10.446527
321,479.0,8.2610235,10.489508
322,478.0,8.2877435,10.5300615
323,477.0,8.3045405,10.546887
324,476.0,8.321439000000002,10.558604500000001
325,475.0,8.3370255,10.573790500000001
326,474.0,8.354603999999998,10.592871500000001
327,473.0,8.373144,10.614255499999999
328,472.0,8.3932255,10.627234000000001
329,471.0,8.409488,10.63671
330,470.0,8.4199625,10.6554115
331,469.0,8.4402215,10.6601915
332,468.0,8.460116,10.663425499999999
333,467.0,8.47835,10.669838500000001
334,466.0,8.498002,10.672312
335,465.0,8.518688999999998,10.679948
336,464.0,8.535114,10.684439000000001
337,463.0,8.553783,10.6841175
338,462.0,8.565965,10.68281
339,461.0,8.5745185,10.682390999999999
340,460.0,8.592473,10.675010499999999
341,459.0,8.6035825,10.678246999999999
342,458.0,8.610199999999999,10.678893500000001
343,457.0,8.62059,10.679465
344,456.0,8.632583499999999,10.6874525
345,455.0,8.645989499999999,10.6918335
346,454.0,8.6513645,10.689721500000001
347,453.0,8.6550315,10.682964
348,452.0,8.657522499999999,10.681210499999999
349,451.0,8.657,10.686569
350,450.0,8.660115999999999,10.692192
351,449.0,8.6689445,10.691405499999998
352,448.0,8.668007,10.6931595
353,447.0,8.669565,10.699573000000001
354,446.0,8.6634065,10.695641
355,445.0,8.649135000000001,10.686325499999999
356,444.0,8.644476000000001,10.678586
357,443.0,8.6375115,10.68583
358,442.0,8.636823,10.694439
359,441.0,8.6459145,10.696273999999999
360,440.0,8.6489675,10.7083145
361,439.0,8.649694499999999,10.715902499999999
362,438.0,8.6479325,10.71382
363,437.0,8.6432385,10.719987
364,436.0,8.6445635,10.720453
365,435.0,8.6454445,10.732409
366,434.0,8.64172,10.7456645
367,433.0,8.631042,10.741473
368,432.0,8.625661000000001,10.74935
369,431.0,8.610078,10.749206000000001
370,430.0,8.6021775,10.753135
371,429.0,8.5998025,10.769235
372,428.0,8.590975499999999,10.76656
373,427.0,8.574448499999999,10.7597865
374,426.0,8.5645275,10.771927
375,425.0,8.563187,10.781371
376,424.0,8.547014,10.7890755
377,423.0,8.5216755,10.799302
378,422.0,8.51531,10.79794
379,421.0,8.501083999999999,10.803521
380,420.0,8.4846945,10.8126435
381,419.0,8.475663,10.815084500000001
382,418.0,8.4516595,10.807626
383,417.0,8.439650499999999,10.828672000000001
384,416.0,8.420699,10.8443425
385,415.0,8.403247,10.8378135
386,414.0,8.3942045,10.8487635
387,413.0,8.38844,10.847808
388,412.0,8.359323,10.86194
389,411.0,8.347310499999999,10.8915025
390,410.0,8.327367500000001,10.9002365
391,409.0,8.293327999999999,10.917708000000001
392,408.0,8.277053500000001,10.9311735
393,407.0,8.258803,10.9385295
394,406.0,8.2292925,10.9592005
395,405.0,8.220997,10.9932275
396,404.0,8.189363,11.012364000000002
397,403.0,8.170263,11.020194
398,402.0,8.13234,11.0327755
399,401.0,8.102679,11.067206500000001
400,400.0,8.0880305,11.0919185
401,399.0,8.054708999999999,11.1113365
402,398.0,8.0301055,11.122575999999999
403,397.0,8.0045125,11.1517535
404,396.0,7.976533,11.198572500000001
405,395.0,7.957347,11.227941
406,394.0,7.938124499999999,11.2523765
407,393.0,7.902015499999999,11.296600999999999
408,392.0,7.885142500000001,11.324326
409,391.0,7.853196499999999,11.361681
410,390.0,7.83612,11.3976135
411,389.0,7.8170935,11.4281245
412,388.0,7.801076500000001,11.471096
413,387.0,7.787135,11.523530000000001
414,386.0,7.7831209999999995,11.5527175
415,385.0,7.765124,11.59425
416,384.0,7.7456515,11.6395085
417,383.0,7.722296500000001,11.694197500000001
418,382.0,7.6976379999999995,11.7341795
419,381.0,7.7107085,11.7734985
420,380.0,7.710952000000001,11.832727
421,379.0,7.7057020000000005,11.899598000000001
422,378.0,7.740568,11.8906855
423,377.0,6.713198500000001,11.2335645
424,376.0,6.1854119999999995,11.000174
425,375.0,6.3430055,11.2272035
426,374.0,6.5913505,11.425987500000002
427,373.0,6.835803,11.6652515
428,372.0,6.973247000000001,11.796110500000001
429,371.0,7.120856,11.923494999999999
430,370.0,7.1080325,12.0501765
431,369.0,7.2120315,12.119046
432,368.0,7.252961,12.2928845
433,367.0,7.331543,12.358766
434,366.0,7.3726185,12.5428635
435,365.0,7.42031,12.6622965
436,364.0,7.399736000000001,12.694811
437,363.0,7.4598285,12.7903615
438,362.0,7.350455,12.808560499999999
439,361.0,7.38442,12.942472
440,360.0,7.4606165,12.9938775
441,359.0,7.487454,13.091921
442,358.0,7.4242905,13.240339
443,357.0,7.419975,13.251875
444,356.0,7.4555835,13.267822500000001
445,355.0,7.512878499999999,13.454765
446,354.0,7.440329999999999,13.425542499999999
447,353.0,7.5298195,13.6199565
448,352.0,7.5166284999999995,13.587060000000001
449,351.0,7.498187,13.6942035
450,350.0,7.478548,13.811145499999999
451,349.0,7.5477955,13.8519965
452,348.0,7.5446740000000005,13.97241
453,347.0,7.6042155000000005,14.095134
454,346.0,7.563191,14.0957385
455,345.0,7.656435,14.221424500000001
456,344.0,7.542092500000001,14.3800595
457,343.0,7.527649,14.360360499999999
458,342.0,7.6620025,14.402905
459,341.0,7.5572265000000005,14.462523000000001
460,340.0,7.526346,14.632934500000001
461,339.0,7.598777,14.8200705
462,338.0,7.588068,14.682065999999999
463,337.0,7.4394860000000005,14.7044465
464,336.0,7.504611499999999,14.881859
465,335.0,7.516572,15.041934999999999
466,334.0,7.553371,15.0211235
467,333.0,7.505205500000001,15.0728305
468,332.0,7.604792,15.226242
469,331.0,7.7341245,15.351989
470,330.0,7.518155,15.438509
471,329.0,7.6613595,15.779083
472,328.0,7.8003565,15.6721865
473,327.0,7.8087355,15.674521
474,326.0,7.78691,16.0213355
475,325.0,7.7793600000000005,15.88879
476,324.0,7.7066105,16.160271
477,323.0,7.9005465,16.3802795
478,322.0,7.8744435,16.414948
479,321.0,7.9421075,16.447217000000002
480,320.0,7.7473305,16.434908999999998
481,319.0,7.672162,16.447056
482,318.0,7.151282,15.9622555
483,317.0,7.1069715,15.9463205
484,316.0,7.096756,15.8921455
485,315.0,7.093866,15.9305045
486,314.0,7.092148,15.9867175
487,313.0,7.075717,15.998667000000001
488,312.0,7.091572,16.044736999999998
489,311.0,7.127853,16.1184035
490,310.0,7.1659120000000005,16.1032655
491,309.0,7.159835,16.222239000000002
492,308.0,7.119528,16.3615305
493,307.0,7.168699,16.375719500000002
494,306.0,7.2087835,16.524524999999997
495,305.0,7.2852809999999995,16.6434075
496,304.0,7.2980605,16.697796
497,303.0,7.317529,16.7512875
498,302.0,7.355057,16.860545000000002
499,301.0,7.4440159999999995,16.897098
500,300.0,7.4611935,16.977416499999997
501,299.0,7.5375395,17.032111
502,298.0,7.6464455000000005,17.0855725
503,297.0,7.759729,17.177543
504,296.0,7.8629635,17.2387285
505,295.0,7.9694009999999995,17.3344405
506,294.0,8.114877499999999,17.428068500000002
507,293.0,8.1702885,17.508806
508,292.0,8.256934999999999,17.54268
509,291.0,8.3085165,17.587213
510,290.0,8.3342955,17.659653
511,289.0,8.370476,17.754942
512,288.0,8.368738,17.825769
513,287.0,8.331101499999999,17.8637865
514,286.0,8.297184,17.934397
515,285.0,8.2532465,17.996116999999998
516,284.0,8.2595515,18.0674705
517,283.0,8.2352775,18.103694
518,282.0,8.255332,18.170527
519,281.0,8.231273,18.196165999999998
520,280.0,8.243168,18.204145
521,279.0,8.243742000000001,18.2269065
522,278.0,8.2294935,18.240623499999998
523,277.0,8.210518,18.254336000000002
524,276.0,8.238610000000001,18.305429
525,275.0,8.233525499999999,18.3448585
526,274.0,8.261954,18.412955
527,273.0,8.2862115,18.529054000000002
528,272.0,8.340111,18.648698
529,271.0,8.3641555,18.7698495
530,270.0,8.412189000000001,18.8993125
531,269.0,8.452694000000001,18.96004
532,268.0,8.482329499999999,19.0823215
533,267.0,8.54739,19.22089
534,266.0,8.623481,19.456166500000002
535,265.0,8.7156685,19.5982695
536,264.0,8.794133500000001,19.81371
537,263.0,8.872594,20.0065905
538,262.0,8.9562715,20.174608499999998
539,261.0,9.025748499999999,20.327865
540,260.0,9.099507,20.505828
541,259.0,9.1985565,20.70904
542,258.0,9.289726,20.832303
543,257.0,9.3894115,20.9605235
544,256.0,9.488672,21.0892825
545,255.0,9.5425655,21.229366
546,254.0,9.645775,21.293671500000002
547,253.0,9.8027665,21.390971
548,252.0,9.8794155,21.430491
549,251.0,9.991525,21.479837500000002
550,250.0,10.14028,21.533341999999998
