,Wavelength,Transmittance,Reflectance,Absorbance
0,300.0,0.9898757377985996,0.008411128595471383,0.001713129859972476
1,301.0,0.9898924305135077,0.008397023379802703,0.0017105501769037873
2,302.0,0.9899089158851379,0.008383080512285233,0.0017080027543397663
3,303.0,0.9899251974723018,0.008369321003556252,0.0017054880948944703
4,304.0,0.9899412787553683,0.008355721160769462,0.0017030031348986164
5,305.0,0.9899571631383947,0.008342285454273225,0.0017005464696103522
6,306.0,0.9899728539511343,0.008329031839966774,0.001698118724634704
7,307.0,0.9899883544510714,0.008315921649336816,0.0016957219347114084
8,308.0,0.9900036678252954,0.008302984684705734,0.0016933514890297456
9,309.0,0.9900187971923958,0.008290188163518905,0.0016910103157079073
10,310.0,0.9900337456042496,0.008277552127838135,0.0016886963748584177
11,311.0,0.9900485160477512,0.008265076279640198,0.0016864113021893073
12,312.0,0.9900631114465466,0.008252739086747169,0.0016841508958532442
13,313.0,0.9900775346626329,0.008240541890263558,0.0016819176811350273
14,314.0,0.9900917884979676,0.008228497505187988,0.0016797086700717132
15,315.0,0.9901058756960037,0.008216602802276611,0.0016775257252902608
16,316.0,0.9901197989431878,0.00820482410490513,0.0016753689179313457
17,317.0,0.9901335608704056,0.008193199336528779,0.0016732352227700265
18,318.0,0.9901471640543921,0.008181707337498664,0.0016711278598359148
19,319.0,0.9901606110190915,0.008170349150896072,0.001669043078345576
20,320.0,0.9901739042369695,0.008159107342362405,0.0016669806931804581
21,321.0,0.9901870461303338,0.008148013725876807,0.0016649419115401637
22,322.0,0.9902000390725323,0.008137040957808494,0.001662926200224329
23,323.0,0.9902128853891873,0.008126183077692986,0.0016609335366683906
24,324.0,0.990225587359377,0.008115453273057937,0.0016589619112255705
25,325.0,0.9902381472167611,0.008104843497276306,0.0016570130581658403
26,326.0,0.9902505671506852,0.008094353005290031,0.0016550852011278138
27,327.0,0.99026284930727,0.008083978295326233,0.001653177743901334
28,328.0,0.9902749957904388,0.008073707520961761,0.001651292087090052
29,329.0,0.9902870086629454,0.008063560053706169,0.0016494248253820947
30,330.0,0.9902988899473543,0.00805353507399559,0.0016475793576410174
31,331.0,0.9903106416270012,0.008043603375554084,0.0016457544229433658
32,332.0,0.9903222656469096,0.008033791407942772,0.0016439483332305934
33,333.0,0.9903337639147161,0.008024079203605651,0.0016421603198705382
34,334.0,0.990345138301534,0.00801446221768856,0.0016403928111140087
35,335.0,0.9903563906428124,0.008004964217543603,0.001638642466705289
36,336.0,0.9903675227391727,0.007995562925934792,0.0016369120204945034
37,337.0,0.990378536357203,0.007986263558268546,0.0016351999420476321
38,338.0,0.9903894332302724,0.007977066487073898,0.0016335058938784757
39,339.0,0.9904002150592496,0.007967953383922578,0.0016318278802009561
40,340.0,0.9904108835132907,0.007958948612213135,0.0016301687474606415
41,341.0,0.9904214402305379,0.00795002944767475,0.0016285244837126933
42,342.0,0.9904318868188396,0.007941207960247993,0.0016268986038085254
43,343.0,0.9904422248564125,0.007932484820485116,0.00162529026282756
44,344.0,0.9904524558925364,0.007923843264579773,0.0016236978286451756
45,345.0,0.9904625814481741,0.007915300875902176,0.001622120344009103
46,346.0,0.9904726030166379,0.007906837984919549,0.0016205599816476151
47,347.0,0.9904825220641652,0.00789845608174801,0.0016190160146834515
48,348.0,0.9904923400305463,0.007890169322490693,0.0016174851150845045
49,349.0,0.9905020583297065,0.00788196176290512,0.0016159731683637935
50,350.0,0.9905116783502496,0.007873839586973191,0.001614473585968894
51,351.0,0.9905212014560473,0.007865804508328437,0.0016129905511388775
52,352.0,0.9905306289867423,0.007857854664325713,0.0016115212317618125
53,353.0,0.9905399622582961,0.007849974185228347,0.001610066380462754
54,354.0,0.9905492025634995,0.007842177003622055,0.0016086261536475061
55,355.0,0.9905583511724575,0.00783445045351982,0.001607199574891652
56,356.0,0.9905674093330968,0.00782680444419384,0.0016057871828798087
57,357.0,0.9905763782716156,0.007819234654307365,0.001604387377183244
58,358.0,0.9905852591929579,0.007811731323599815,0.0016030035242329322
59,359.0,0.990594053281267,0.007804316505789757,0.0016016316109016917
60,360.0,0.9906027617003127,0.007796961143612862,0.0016002730991931608
61,361.0,0.9906113855939331,0.007789687439799309,0.0015989267475288367
62,362.0,0.9906199260864382,0.007782476991415024,0.0015975942974910293
63,363.0,0.9906283842830274,0.007775345072150231,0.0015962756482076812
64,364.0,0.990636761270178,0.007768272534012795,0.0015949677724529621
65,365.0,0.9906450581160408,0.007761262282729149,0.0015936726282962058
66,366.0,0.9906532758708113,0.007754330337047577,0.0015923889408532138
67,367.0,0.9906614155670931,0.007747469544410706,0.0015911182028412602
68,368.0,0.9906694782202831,0.007740670070052147,0.0015898598757030575
69,369.0,0.9906774648288785,0.007733924239873886,0.0015886133949334347
70,370.0,0.9906853763748701,0.007727248519659042,0.0015873764898515386
71,371.0,0.9906932138240304,0.0077206332236528395,0.0015861524820957296
72,372.0,0.990700978126269,0.0077140874415636065,0.001584939149543078
73,373.0,0.9907086702159379,0.007707594111561775,0.001583738252111306
74,374.0,0.9907162910121582,0.007701159417629242,0.0015825474955454583
75,375.0,0.9907238414190934,0.007694786116480827,0.0015813683219130503
76,376.0,0.9907313223262796,0.007688479349017143,0.0015801990106047192
77,377.0,0.9907387346088931,0.007682222723960876,0.0015790391799146342
78,378.0,0.9907460791280406,0.007676026374101638,0.001577892380046269
79,379.0,0.9907533567310335,0.007669887095689773,0.0015767538321597569
80,380.0,0.9907605682516593,0.007663804069161415,0.0015756260730904797
81,381.0,0.9907677145104498,0.0076577715575695034,0.0015745082110697882
82,382.0,0.9907747963149192,0.00765180416405201,0.0015734021886328452
83,383.0,0.9907818144598375,0.0076458840072155,0.0015723035309201997
84,384.0,0.9907887697274734,0.007640009373426437,0.0015712156259087545
85,385.0,0.9907956628878197,0.007634201496839524,0.0015701384964086369
86,386.0,0.9908024946988404,0.0076284390687942506,0.001569068859234923
87,387.0,0.9908092659066952,0.0076227205991744994,0.0015680113576036292
88,388.0,0.9908159772459725,0.007617058306932449,0.0015669590049856397
89,389.0,0.9908226294398904,0.007611452862620354,0.0015659182052241
90,390.0,0.990829223200534,0.007605892568826675,0.0015648874591897971
91,391.0,0.9908357592290392,0.007600372284650802,0.0015638628982469734
92,392.0,0.9908422382158204,0.0075949057191610336,0.0015628504476353766
93,393.0,0.9908486608407684,0.007589497864246369,0.0015618439050376976
94,394.0,0.990855027773421,0.007584117278456688,0.0015608468522259713
95,395.0,0.9908613396731889,0.007578795477747917,0.0015598609061089736
96,396.0,0.990867597189521,0.007573526501655579,0.0015588793241659222
97,397.0,0.9908738009620954,0.007568294703960418,0.0015579086337948178
98,398.0,0.9908799516209964,0.007563108876347542,0.0015569443397726213
99,399.0,0.9908860497868908,0.007557965442538261,0.0015559905433929313
100,400.0,0.990892096071197,0.007552861496806145,0.0015550422552405734
101,401.0,0.9908980910762653,0.007547800987958908,0.0015541039236905134
102,402.0,0.990904035395526,0.007542789876461029,0.0015531725121764118
103,403.0,0.9909099296136492,0.007537823468446732,0.0015522473539386062
104,404.0,0.9909157743067177,0.007532893791794777,0.0015513329735768148
105,405.0,0.9909215700423788,0.007528006210923195,0.0015504246893306357
106,406.0,0.9909273173799835,0.007523160576820374,0.0015495235193611976
107,407.0,0.990933016870728,0.007518351748585701,0.0015486309273274191
108,408.0,0.9909386690578356,0.007513583600521088,0.0015477453286439657
109,409.0,0.9909442744766457,0.0075088669359683995,0.0015468663561569224
110,410.0,0.9909498336547964,0.00750416710972786,0.0015459945961811422
111,411.0,0.9909553471123437,0.007499517947435379,0.001545129542564635
112,412.0,0.9909608153618831,0.007494909912347794,0.001544273072668173
113,413.0,0.990966238908694,0.007490337565541267,0.0015434221334908473
114,414.0,0.9909716182508675,0.007485805228352547,0.0015425803667949629
115,415.0,0.990976953879425,0.007481299638748169,0.0015417425149553575
116,416.0,0.9909822462784382,0.00747684508562088,0.0015409127599196194
117,417.0,0.9909874959251581,0.007472413554787636,0.0015400895926268546
118,418.0,0.9909927032901287,0.007468026429414749,0.0015392721933676784
119,419.0,0.9909978688372928,0.007463672459125519,0.0015384629186974324
120,420.0,0.9910029930241112,0.007459344416856766,0.0015376587311675672
121,421.0,0.9910080763016866,0.0074550571292638776,0.0015368608310200494
122,422.0,0.9910131191148528,0.007450817003846168,0.0015360690027228258
123,423.0,0.9910181219022755,0.007446589022874832,0.0015352847070244308
124,424.0,0.9910230850965859,0.007442412972450256,0.0015345045733920703
125,425.0,0.9910280091244491,0.007438259646296502,0.0015337314647604506
126,426.0,0.9910328944066873,0.007434134930372238,0.0015329666512116386
127,427.0,0.9910377413583688,0.0074300549924373625,0.0015322060040944346
128,428.0,0.991042550388897,0.007426001876592636,0.0015314493575079113
129,429.0,0.9910473219021158,0.007421972304582596,0.0015307000211214773
130,430.0,0.9910520562963976,0.007417981922626496,0.0015299572933873
131,431.0,0.9910567539647371,0.007414025589823723,0.0015292191203025447
132,432.0,0.9910614152948224,0.007410102859139443,0.0015284882024116397
133,433.0,0.9910660406691497,0.007406193688511848,0.0015277618921391279
134,434.0,0.9910706304650876,0.007402323558926583,0.001527040753208016
135,435.0,0.9910751850549662,0.007398487031459808,0.001526326683342663
136,436.0,0.9910797048061585,0.007394676432013512,0.0015256154640701748
137,437.0,0.9910841900811721,0.0073908989131450656,0.0015249128307550886
138,438.0,0.9910886412377095,0.0073871447145938875,0.0015242119623144717
139,439.0,0.9910930586287492,0.007383423373103142,0.0015235188014685595
140,440.0,0.9910974426026368,0.007379728034138679,0.0015228291703442997
141,441.0,0.9911017935031373,0.007376068457961083,0.001522146791039665
142,442.0,0.9911061116695333,0.0073724214732646945,0.0015214682524311114
143,443.0,0.9911103974366675,0.007368804812431335,0.0015207948426450798
144,444.0,0.9911146511350364,0.007365225031971932,0.0015201259844070936
145,445.0,0.991118873090856,0.0073616567999124525,0.0015194619505746582
146,446.0,0.9911230636261159,0.007358133122324944,0.0015188033597405943
147,447.0,0.9911272230586536,0.007354622334241867,0.0015181496616878932
148,448.0,0.9911313517022221,0.007351153120398521,0.0015175020186871183
149,449.0,0.9911354498665571,0.007347697764635086,0.0015168581681883004
150,450.0,0.9911395178574233,0.007344263345003128,0.0015162171327483883
151,451.0,0.9911435559767048,0.007340854629874229,0.0015155830196363607
152,452.0,0.9911475645224259,0.007337487116456032,0.0015149529683822411
153,453.0,0.991151543788856,0.007334130331873894,0.0015143274388174552
154,454.0,0.9911554940665195,0.007330797016620636,0.0015137062512440402
155,455.0,0.9911594156423016,0.007327496185898781,0.0015130896946266529
156,456.0,0.991163308799468,0.007324216961860657,0.001512477513024389
157,457.0,0.9911671738177299,0.007320957705378533,0.0015118698791593875
158,458.0,0.9911710109733143,0.007317722514271736,0.001511265934595979
159,459.0,0.991174820538988,0.007314508259296418,0.0015106667235977905
160,460.0,0.9911786027841424,0.0073113258928060535,0.0015100721736780941
161,461.0,0.9911823579748119,0.007308163344860077,0.0015094815127213623
162,462.0,0.9911860863737586,0.007305021062493324,0.0015088950920017347
163,463.0,0.991189788240489,0.0073019032925367355,0.0015083129384402536
164,464.0,0.991193463831319,0.007298805341124534,0.0015077347272290764
165,465.0,0.9911971133994271,0.00729572705924511,0.0015071609238930667
166,466.0,0.9912007371948971,0.007292670682072639,0.0015065898114517459
167,467.0,0.9912043354647441,0.007289642989635467,0.0015060240573894102
168,468.0,0.9912079084530018,0.007286627292633057,0.0015054612030417475
169,469.0,0.9912114564007163,0.007283634096384048,0.0015049041280690719
170,470.0,0.9912149795460391,0.007280669361352921,0.0015043496889666564
171,471.0,0.9912184781242257,0.007277725413441658,0.001503799002157437
172,472.0,0.9912219523677234,0.007274801209568978,0.0015032516598967492
173,473.0,0.9912254025061609,0.007271886691451073,0.001502709074002313
174,474.0,0.9912288287664383,0.007269003242254257,0.0015021705570507488
175,475.0,0.9912322313727345,0.007266140356659889,0.0015016355007629043
176,476.0,0.9912356105465576,0.0072632855921983715,0.0015011010472881481
177,477.0,0.9912389665067886,0.007260459214448929,0.0015005735924660717
178,478.0,0.9912422994697084,0.007257645651698112,0.0015000493500611364
179,479.0,0.9912456096490461,0.0072548605501651766,0.001499528552876701
180,480.0,0.9912488972560044,0.007252095341682434,0.0014990112054420496
181,481.0,0.9912521624993085,0.007249348387122154,0.001498496639087582
182,482.0,0.9912554055852317,0.007246611714363098,0.0014979867926922929
183,483.0,0.9912586267176274,0.007243893891572952,0.0014974779728527694
184,484.0,0.991261826097983,0.007241194695234298,0.0014969754626418341
185,485.0,0.9912650039254336,0.007238514199852944,0.001496474992218331
186,486.0,0.991268160396796,0.007235863134264946,0.0014959784706571138
187,487.0,0.9912712957066117,0.007233220487833023,0.0014954828616919758
188,488.0,0.9912744100471838,0.0072305978089571,0.0014949939398321071
189,489.0,0.9912775036085862,0.007227993607521057,0.0014945060506034277
190,490.0,0.9912805765787127,0.007225396856665611,0.0014940223977919743
191,491.0,0.9912836291432977,0.007222830578684807,0.001493540188266758
192,492.0,0.9912866614859623,0.007220270186662674,0.001493064669903158
193,493.0,0.9912896737882261,0.007217741534113884,0.001492588938253955
194,494.0,0.9912926662295359,0.007215208783745766,0.0014921172487266249
195,495.0,0.9912956389873099,0.0072127053886652,0.0014916487859864525
196,496.0,0.9912985922369575,0.007210218533873558,0.0014911839798788234
197,497.0,0.9913015261518996,0.00720775194466114,0.001490721110803915
198,498.0,0.991304440903605,0.007205302193760872,0.001490262544184643
199,499.0,0.9913073366616214,0.007202861756086349,0.001489806416502743
200,500.0,0.9913102135935926,0.007200426831841469,0.0014893519113775811
201,501.0,0.991313071865277,0.0071980305016040805,0.0014889033877080343
202,502.0,0.9913159116405873,0.0071956335008144376,0.0014884546984649768
203,503.0,0.991318733081626,0.007193262055516243,0.0014880105532211587
204,504.0,0.9913215363486739,0.007190889343619346,0.0014875676028623845
205,505.0,0.9913243216002455,0.0071885533630847934,0.001487130341456635
206,506.0,0.9913270889931063,0.007186216786503791,0.0014866936200815545
207,507.0,0.9913298386822903,0.007183904349803924,0.0014862601045206837
208,508.0,0.9913325708211254,0.0071816020458936695,0.0014858287660809446
209,509.0,0.9913352855612529,0.00717931792140007,0.001485400892615931
210,510.0,0.9913379830526636,0.007177047953009605,0.0014849757530283258
211,511.0,0.9913406634437046,0.00717478796839714,0.0014845537952442706
212,512.0,0.9913433268811034,0.0071725319325923916,0.0014841344808247114
213,513.0,0.9913459735099935,0.007170314490795135,0.001483716705415707
214,514.0,0.9913486034739415,0.0071680953353643415,0.0014833008956976013
215,515.0,0.9913512169149543,0.007165891602635383,0.0014828900723387675
216,516.0,0.9913538139735081,0.007163704261183739,0.0014824803284501007
217,517.0,0.9913563947885674,0.007161535248160362,0.001482073296037988
218,518.0,0.9913589594975933,0.007159371227025986,0.0014816690231055601
219,519.0,0.9913615082365935,0.0071572245657444,0.0014812657574476097
220,520.0,0.991364041140102,0.007155096903443336,0.0014808682862258787
221,521.0,0.9913665583412271,0.007152973711490631,0.001480471185059352
222,522.0,0.9913690599716604,0.007150866240262985,0.001480076052912475
223,523.0,0.9913715461616909,0.007148765996098518,0.001479683813968289
224,524.0,0.9913740170402293,0.007146692797541618,0.0014792938781557257
225,525.0,0.9913764727348243,0.007144624888896942,0.0014789057677354086
226,526.0,0.9913789133716753,0.007142562866210938,0.0014785207297973782
227,527.0,0.9913813390756584,0.007140519022941589,0.001478138483353246
228,528.0,0.9913837499703356,0.007138491347432136,0.0014777582083843987
229,529.0,0.9913861461779743,0.007136469185352326,0.0014773806472022227
230,530.0,0.9913885278195707,0.00713446170091629,0.0014770045726255165
231,531.0,0.991390895014849,0.00713247150182724,0.0014766309708557652
232,532.0,0.9913932478822958,0.007130496948957443,0.0014762603750569526
233,533.0,0.991395586539156,0.007128529772162437,0.0014758918249481929
234,534.0,0.991397911101476,0.0071265679597854615,0.0014755248336314974
235,535.0,0.991400221684092,0.0071246206015348435,0.0014751595828511926
236,536.0,0.9914025184006615,0.007122688740491867,0.0014747982053450693
237,537.0,0.9914048013636619,0.007120764255523682,0.001474437515971732
238,538.0,0.9914070706844325,0.007118845209479332,0.0014740796869137573
239,539.0,0.9914093264731608,0.007116951197385788,0.001473724136221865
240,540.0,0.991411568838912,0.007115064337849617,0.0014733701897149177
241,541.0,0.9914137978896312,0.007113181129097939,0.0014730172842247007
242,542.0,0.9914160137321764,0.0071113135665655134,0.0014726674611120728
243,543.0,0.9914182164723119,0.007109463214874268,0.00147232051153886
244,544.0,0.9914204062147423,0.007107616364955902,0.0014719751147641413
245,545.0,0.9914225830630946,0.007105785757303238,0.0014716307552408454
246,546.0,0.9914247471199645,0.007103961780667305,0.0014712889127259465
247,547.0,0.9914268984869168,0.007102150768041611,0.0014709507637508863
248,548.0,0.9914290372644823,0.007100345641374588,0.0014706128082890135
249,549.0,0.9914311635522026,0.007098557278513908,0.0014702764545291651
250,550.0,0.9914332774486059,0.007096774205565453,0.0014699437330455926
251,551.0,0.9914353790512439,0.007095014825463295,0.001469611131133288
252,552.0,0.9914374684567084,0.007093250080943108,0.0014692818624644957
253,553.0,0.9914395457606124,0.0070915031433105465,0.001468954172351088
254,554.0,0.9914416110576286,0.007089757993817329,0.0014686268604146718
255,555.0,0.9914436644415039,0.007088029384613037,0.0014683028766104078
256,556.0,0.9914457060050382,0.007086314409971237,0.0014679812850955326
257,557.0,0.9914477358401357,0.0070846063643693925,0.001467659504815032
258,558.0,0.9914497540377869,0.007082901895046234,0.0014673419457177212
259,559.0,0.9914517606880924,0.00708121232688427,0.0014670245728394505
260,560.0,0.9914537558802711,0.007079539075493813,0.001466709537408038
261,561.0,0.9914557397026715,0.007077867686748504,0.0014663970105358174
262,562.0,0.9914577122427761,0.007076203152537346,0.0014660840947909467
263,563.0,0.9914596735872189,0.007074552699923515,0.0014657758331487441
264,564.0,0.9914616238218015,0.007072907760739326,0.0014654668251024294
265,565.0,0.9914635630314738,0.007071275487542153,0.0014651619951474453
266,566.0,0.9914654913003883,0.00706964910030365,0.0014648570449572618
267,567.0,0.9914674087118661,0.007068037316203118,0.0014645541203482035
268,568.0,0.9914693153484356,0.007066429555416107,0.0014642527345587056
269,569.0,0.9914712112918275,0.007064837142825127,0.0014639538293978172
270,570.0,0.9914730966229979,0.007063250541687011,0.0014636550788692177
271,571.0,0.9914749714221213,0.007061665356159211,0.001463359616882466
272,572.0,0.991476835768604,0.007060105279088021,0.0014630642360408314
273,573.0,0.9914786897410971,0.007058538720011711,0.0014627721890065962
274,574.0,0.9914805334175111,0.007056988775730133,0.0014624801956052635
275,575.0,0.9914823668750047,0.007055442556738853,0.0014621910726783489
276,576.0,0.9914841901900207,0.00705390989780426,0.001461904220805179
277,577.0,0.991486003438264,0.007052379995584488,0.0014616165829375932
278,578.0,0.9914878066947344,0.007050866633653641,0.0014613318409920876
279,579.0,0.9914896000337211,0.007049346268177032,0.001461048582141402
280,580.0,0.9914913835288256,0.0070478500425815585,0.0014607651215284118
281,581.0,0.9914931572529467,0.007046348825097084,0.0014604864405829276
282,582.0,0.9914949212783032,0.0070448706299066546,0.0014602078106691915
283,583.0,0.9914966756764446,0.007043397352099419,0.001459930537948924
284,584.0,0.991498420518254,0.007041929215192795,0.001459654478949336
285,585.0,0.9915001558739462,0.007040463835000992,0.0014593803627213806
286,586.0,0.9915018818130923,0.007039010524749756,0.0014591078969170806
287,587.0,0.9915035984046163,0.007037573009729386,0.0014588366278077193
288,588.0,0.9915053057168032,0.007036129832267761,0.0014585673755301437
289,589.0,0.9915070038173173,0.007034699320793152,0.0014582982604134645
290,590.0,0.991508692773181,0.007033281698822975,0.0014580308259884245
291,591.0,0.9915103726508218,0.007031858861446381,0.0014577666624792246
292,592.0,0.9915120435160393,0.0070304513722658155,0.001457501554496157
293,593.0,0.9915137054340449,0.007029055878520012,0.0014572387129011266
294,594.0,0.9915153584694458,0.007027665972709656,0.0014569786286939429
295,595.0,0.9915170026862644,0.007026277929544449,0.0014567173697834026
296,596.0,0.9915186381479336,0.007024902254343033,0.0014564596060428114
297,597.0,0.9915202649173159,0.007023532763123512,0.0014562032495451821
298,598.0,0.9915218830567055,0.007022166326642036,0.0014559465795538243
299,599.0,0.9915234926278299,0.007020813301205635,0.0014556922548036944
300,600.0,0.9915250936918494,0.007019462138414383,0.0014554386261717142
301,601.0,0.9915266863093987,0.0070181267708539965,0.0014551878489056686
302,602.0,0.991528270540538,0.007016784921288491,0.0014549368143071918
303,603.0,0.9915298464448046,0.007015466019511223,0.00145468818899656
304,604.0,0.9915314140811953,0.0070141501724720005,0.001454439947347173
305,605.0,0.9915329735081866,0.007012838795781136,0.0014541940268101197
306,606.0,0.9915345247837299,0.0070115308463573455,0.0014539473326295883
307,607.0,0.9915360679652528,0.0070102234184741975,0.001453704217992829
308,608.0,0.9915376031096773,0.007008933201432228,0.001453460761613436
309,609.0,0.9915391302734247,0.007007653415203094,0.0014532209137543162
310,610.0,0.9915406495124148,0.007006369978189469,0.0014529805148778315
311,611.0,0.9915421608820612,0.007005096301436424,0.0014527406558046425
312,612.0,0.9915436644373014,0.007003837078809738,0.00145250230017167
313,613.0,0.9915451602325858,0.007002572640776634,0.0014522659441810338
314,614.0,0.9915466483218822,0.007001320868730545,0.0014520311988782295
315,615.0,0.9915481287586897,0.007000081688165665,0.0014517965696087592
316,616.0,0.9915496015960308,0.006998836100101471,0.0014515656067852804
317,617.0,0.9915510668864728,0.00699760302901268,0.001451332506349119
318,618.0,0.9915525246821207,0.006996373683214188,0.001451102363362354
319,619.0,0.9915539750346295,0.006995146796107292,0.0014508721907715366
320,620.0,0.991555417995188,0.006993942707777023,0.001450645525401473
321,621.0,0.9915568536145684,0.006992733255028725,0.001450416738571353
322,622.0,0.9915582819430755,0.0069915252923965455,0.0014501914177891615
323,623.0,0.991559703030602,0.0069903313368558885,0.0014499659487866184
324,624.0,0.9915611169265898,0.006989139467477799,0.0014497423502144993
325,625.0,0.9915625236800694,0.006987953186035156,0.0014495198531405086
326,626.0,0.9915639233396404,0.00698677733540535,0.0014492994481135157
327,627.0,0.9915653159534932,0.006985604763031006,0.0014490791539084518
328,628.0,0.9915667015693969,0.006984435692429542,0.001448860570763056
329,629.0,0.9915680802347174,0.0069832793623209,0.0014486415536067879
330,630.0,0.9915694519964131,0.006982124745845795,0.0014484254479249592
331,631.0,0.9915708169010492,0.00698097363114357,0.0014482084894099489
332,632.0,0.9915721749947829,0.006979828104376793,0.0014479940007187503
333,633.0,0.9915735263233882,0.006978691443800926,0.0014477816826367024
334,634.0,0.9915748709322435,0.006977559030056,0.0014475678214058987
335,635.0,0.9915762088663527,0.006976430714130402,0.0014473559245927014
336,636.0,0.9915775401703365,0.006975312829017639,0.0014471449865233444
337,637.0,0.9915788648884342,0.00697420060634613,0.0014469367269431684
338,638.0,0.9915801830645136,0.006973088458180427,0.0014467280507962294
339,639.0,0.9915814947420786,0.006971990168094635,0.001446520645540807
340,640.0,0.9915827999642672,0.0069708841294050215,0.0014463131116919283
341,641.0,0.9915840987738561,0.006969791725277901,0.001446107563224509
342,642.0,0.9915853912132598,0.006968701109290123,0.0014459039921440907
343,643.0,0.9915866773245441,0.006967622190713883,0.0014456998090555924
344,644.0,0.9915879571494203,0.006966538205742836,0.0014454973264220532
345,645.0,0.9915892307292599,0.0069654653966426845,0.0014452962923498208
346,646.0,0.9915904981050826,0.006964405179023743,0.0014450948424293258
347,647.0,0.9915917593175719,0.006963348314166069,0.0014448946709582481
348,648.0,0.9915930144070765,0.006962294057011605,0.001444696828584867
349,649.0,0.9915942634136161,0.006961231753230095,0.0014444989472578284
350,650.0,0.9915955063768641,0.0069601903855800624,0.001444302678646795
351,651.0,0.991596743336185,0.006959145367145539,0.0014441062034440397
352,652.0,0.9915979743306131,0.006958120092749595,0.0014439125657828994
353,653.0,0.9915991993988623,0.00695707805454731,0.001443718864866403
354,654.0,0.9916004185793283,0.006956047862768173,0.0014435259325002142
355,655.0,0.9916016319101003,0.006955029517412186,0.0014433336387175402
356,656.0,0.9916028394289494,0.00695401519536972,0.001443143407295957
357,657.0,0.9916040411733362,0.00695300281047821,0.0014429521053354454
358,658.0,0.9916052371804333,0.006951994448900223,0.0014427634836103452
359,659.0,0.9916064274870884,0.006950997263193131,0.001442575446917712
360,660.0,0.9916076121298721,0.006950001269578934,0.0014423870755946933
361,661.0,0.9916087911450441,0.0069490081816911695,0.0014422006106180438
362,662.0,0.991609964568582,0.006948018074035644,0.001442015200700723
363,663.0,0.9916111324361658,0.0069470396637916565,0.0014418306654171726
364,664.0,0.9916122947831941,0.006946062967181206,0.0014416469982008401
365,665.0,0.9916134516447715,0.006945080310106278,0.001441463275305242
366,666.0,0.991614603055738,0.006944118291139603,0.0014412806160636975
367,667.0,0.991615749050639,0.006943159252405167,0.0014410992468949129
368,668.0,0.9916168896637555,0.0069421929121017455,0.0014409193441681004
369,669.0,0.9916180249290807,0.006941236108541488,0.001440739458094136
370,670.0,0.9916191548803502,0.006940285563468933,0.0014405607926712008
371,671.0,0.9916202795510276,0.006939344629645347,0.0014403836247040072
372,672.0,0.9916213989743065,0.006938396990299225,0.0014402052419793098
373,673.0,0.99162251318313,0.006937451139092446,0.001440029265895828
374,674.0,0.9916236222101602,0.006936527118086815,0.0014398525278013052
375,675.0,0.9916247260878218,0.0069355957955122,0.0014396784061684253
376,676.0,0.9916258248482717,0.006934667229652405,0.0014395052405054265
377,677.0,0.9916269185234217,0.0069337493926286695,0.0014393321546323978
378,678.0,0.9916280071449151,0.006932834982872009,0.0014391594988230338
379,679.0,0.9916290907441734,0.006931920647621155,0.0014389874698010384
380,680.0,0.9916301693523524,0.006931009441614151,0.0014388175005116944
381,681.0,0.9916312430003734,0.006930111944675446,0.0014386463989833008
382,682.0,0.9916323117189121,0.00692921370267868,0.001438478268992377
383,683.0,0.9916333755383999,0.006928318813443184,0.001438309089135339
384,684.0,0.9916344344890479,0.006927428096532822,0.0014381401718494213
385,685.0,0.9916354886008208,0.006926536560058594,0.0014379746635315449
386,686.0,0.991636537903447,0.006925648450851441,0.0014378091977507359
387,687.0,0.9916375824264353,0.006924771517515182,0.0014376429101232294
388,688.0,0.9916386221990617,0.006923907026648521,0.001437479031901802
389,689.0,0.9916396572503732,0.006923024952411652,0.001437314793265814
390,690.0,0.9916406876091923,0.006922162398695946,0.0014371517971269183
391,691.0,0.9916417133041336,0.006921293884515762,0.0014369896520204045
392,692.0,0.9916427343635761,0.006920437514781952,0.0014368262530208304
393,693.0,0.9916437508156833,0.006919582262635231,0.0014366665701893227
394,694.0,0.9916447626884104,0.006918729245662689,0.0014365071250360655
395,695.0,0.9916457700094982,0.00691788800060749,0.0014363467501973242
396,696.0,0.9916467728064663,0.006917039975523949,0.0014361878185174912
397,697.0,0.9916477711066409,0.006916201859712601,0.0014360302244951805
398,698.0,0.9916487649371152,0.006915366053581238,0.0014358731770882805
399,699.0,0.9916497543248077,0.0069145322591066365,0.001435715973866748
400,700.0,0.9916507392964047,0.006913701891899109,0.0014355602228172159
401,701.0,0.9916517198784149,0.006912880390882492,0.0014354044956783
402,702.0,0.9916526960971231,0.006912053301930427,0.001435249374090051
403,703.0,0.9916536679786379,0.006911236792802811,0.0014350963029030378
404,704.0,0.9916546355488512,0.006910423636436462,0.001434943128442901
405,705.0,0.9916555988334746,0.006909609735012054,0.0014347891923719009
406,706.0,0.9916565578580218,0.006908799037337304,0.0014346380782446818
407,707.0,0.9916575126478148,0.006908000186085701,0.0014344859167069845
408,708.0,0.9916584632279816,0.006907201632857323,0.0014343363178161283
409,709.0,0.9916594096234767,0.006906397119164467,0.0014341869362126513
410,710.0,0.9916603518590523,0.0069056136161088945,0.001434037583458347
411,711.0,0.9916612899592812,0.006904821023344994,0.0014338888626027708
412,712.0,0.9916622239485556,0.006904030665755272,0.001433740633483695
413,713.0,0.9916631538510918,0.006903250813484192,0.0014335922900320405
414,714.0,0.9916640796909109,0.006902474910020828,0.0014334466564653247
415,715.0,0.991665001491877,0.006901699230074883,0.0014333015820286665
416,716.0,0.9916659192776541,0.006900925263762474,0.0014331565042814479
417,717.0,0.9916668330717513,0.00690015472471714,0.0014330115678788007
418,718.0,0.9916677428974953,0.006899393349885941,0.0014328677597134258
419,719.0,0.9916686487780454,0.006898634657263755,0.0014327235224484514
420,720.0,0.9916695507363855,0.0068978676199913025,0.001432580079472484
421,721.0,0.9916704487953322,0.006897111535072327,0.0014324383798523413
422,722.0,0.9916713429775388,0.006896358802914619,0.0014322954055117094
423,723.0,0.9916722333054889,0.006895607635378838,0.0014321564028616802
424,724.0,0.9916731198015034,0.006894866824150085,0.0014320147365199487
425,725.0,0.9916740024877412,0.006894117519259453,0.0014318751277098906
426,726.0,0.9916748813861993,0.006893389448523521,0.0014317361256237485
427,727.0,0.9916757565187158,0.006892644539475441,0.001431597412838776
428,728.0,0.991676627906968,0.0068919087946414945,0.0014314604013636876
429,729.0,0.9916774955724744,0.006891185939311981,0.001431320979109183
430,730.0,0.9916783595366059,0.0068904563039541246,0.001431185133451688
431,731.0,0.9916792198205685,0.0068897358328104015,0.0014310490343453048
432,732.0,0.991680076445424,0.006889008656144142,0.0014309118179792499
433,733.0,0.991680929432082,0.006888293102383614,0.001430777827800086
434,734.0,0.9916817788012934,0.006887577921152115,0.0014306427679460134
435,735.0,0.9916826245736666,0.006886864304542542,0.001430509920446898
436,736.0,0.9916834667696588,0.006886159777641296,0.0014303752433809556
437,737.0,0.9916843054095917,0.006885450333356857,0.0014302428400699574
438,738.0,0.9916851405136233,0.006884751990437508,0.0014301096876718382
439,739.0,0.9916859721017782,0.006884044334292412,0.0014299778924126178
440,740.0,0.9916868001939454,0.006883347854018212,0.0014298470841006682
441,741.0,0.991687624809856,0.0068826624751091,0.001429716216162246
442,742.0,0.9916884459691133,0.006881970018148422,0.001429586558524803
443,743.0,0.9916892636911746,0.00688127800822258,0.00142945662285483
444,744.0,0.9916900779953676,0.006880588084459305,0.0014293279868345954
445,745.0,0.9916908889008724,0.006879918798804283,0.0014292001589185938
446,746.0,0.9916916964267405,0.00687923014163971,0.0014290710380922087
447,747.0,0.991692500591885,0.006878555491566658,0.0014289437776099513
448,748.0,0.9916933014150969,0.006877880543470383,0.0014288181567283626
449,749.0,0.9916940989150188,0.006877207681536674,0.0014286900168102034
450,750.0,0.9916948931101689,0.0068765351921319965,0.0014285655324877632
451,751.0,0.9916956840189457,0.006875873580574989,0.0014284394902827542
452,752.0,0.9916964716595984,0.006875215992331505,0.0014283149681980944
453,753.0,0.9916972560502717,0.006874556243419647,0.00142819050695863
454,754.0,0.9916980372089622,0.006873899772763252,0.0014280664689343353
455,755.0,0.9916988151535547,0.006873244941234588,0.001427943670760503
456,756.0,0.9916995899018036,0.006872592642903328,0.0014278202350945495
457,757.0,0.9917003614713461,0.006871939375996589,0.0014276987380620273
458,758.0,0.9917011298796907,0.0068712889403104785,0.0014275765296318443
459,759.0,0.9917018951442279,0.006870647072792053,0.0014274547443804515
460,760.0,0.9917026572822192,0.0068700085580348964,0.001427335143553433
461,761.0,0.9917034163108266,0.006869373172521591,0.0014272149654792226
462,762.0,0.9917041722470689,0.00686872698366642,0.001427094745677395
463,763.0,0.9917049251078681,0.006868100985884667,0.0014269752677594904
464,764.0,0.9917056749100215,0.006867469027638435,0.0014268569262279312
465,765.0,0.991706421670202,0.0068668371438980105,0.001426738684113238
466,766.0,0.9917071654049888,0.006866215765476227,0.0014266203430819008
467,767.0,0.9917079061308273,0.006865595877170563,0.0014265032002734534
468,768.0,0.9917086438640618,0.006864966675639152,0.001426386236198905
469,769.0,0.9917093786209251,0.006864350289106369,0.00142626926981424
470,770.0,0.9917101104175299,0.006863736063241959,0.0014261530707884442
471,771.0,0.991710839269895,0.006863118931651115,0.0014260372157972098
472,772.0,0.9917115651939098,0.006862516105175018,0.0014259232930365641
473,773.0,0.9917122882053733,0.006861905455589294,0.0014258090974456977
474,774.0,0.9917130083199659,0.006861294135451317,0.0014256930019931591
475,775.0,0.9917137255532714,0.006860693097114563,0.0014255803015297281
476,776.0,0.99171443992076,0.00686009518802166,0.0014254674990846561
477,777.0,0.991715151437803,0.006859488040208817,0.001425354253270012
478,778.0,0.9917158601196678,0.006858891993761063,0.0014252432506603851
479,779.0,0.9917165659815065,0.006858296170830727,0.001425130196248901
480,780.0,0.9917172690383902,0.0068577126413583754,0.0014250194516902059
481,781.0,0.9917179693052744,0.006857120171189308,0.0014249074885905096
482,782.0,0.9917186667970225,0.006856537684798241,0.0014247969761894321
483,783.0,0.9917193615283822,0.006855957731604576,0.0014246868983267332
484,784.0,0.9917200535140261,0.006855369284749031,0.001424577452781131
485,785.0,0.9917207427685105,0.00685479037463665,0.0014244684767166938
486,786.0,0.991721429306306,0.006854213103652001,0.0014243591844573284
487,787.0,0.991722113141776,0.006853638365864754,0.0014242507082875588
488,788.0,0.9917227942891984,0.006853063404560089,0.001424141702591784
489,789.0,0.9917234727627473,0.006852489784359932,0.001424035232894656
490,790.0,0.9917241485765134,0.006851918250322342,0.0014239289866058063
491,791.0,0.9917248217444872,0.006851356476545334,0.0014238205699169907
492,792.0,0.9917254922805655,0.006850785985589028,0.001423715141482157
493,793.0,0.9917261601985539,0.006850235909223556,0.0014236096097469148
494,794.0,0.991726825512174,0.006849669367074967,0.0014235036414905955
495,795.0,0.9917274882350436,0.006849111020565033,0.001423398832321609
496,796.0,0.9917281483807059,0.006848555281758309,0.0014232941267713541
497,797.0,0.9917288059626077,0.006848002076148987,0.0014231896690675005
498,798.0,0.9917294609940984,0.006847447901964188,0.001423086646218868
499,799.0,0.9917301134884617,0.006846904084086418,0.0014229826782415312
500,800.0,0.9917307634588753,0.006846361681818962,0.0014228786976313132
501,801.0,0.9917314109184378,0.006845812425017357,0.001422777254020186
502,802.0,0.9917320558801643,0.006845271810889244,0.0014226751272239234
503,803.0,0.9917326983569835,0.006844724714756012,0.001422573712034506
504,804.0,0.9917333383617367,0.006844187378883362,0.0014224709244812477
505,805.0,0.9917339759071817,0.0068436509370803835,0.0014223700218648537
506,806.0,0.9917346110060049,0.006843114718794823,0.0014222692812203715
507,807.0,0.9917352436707898,0.006842589527368545,0.001422168409645032
508,808.0,0.9917358739140656,0.006842057332396507,0.0014220685367858244
509,809.0,0.9917365017482497,0.006841533631086349,0.001421970504616564
510,810.0,0.9917371271857043,0.006841003224253655,0.0014218701563917606
511,811.0,0.9917377502386995,0.0068404733389616015,0.0014217726030441758
512,812.0,0.9917383709194351,0.006839954629540444,0.0014216728194700633
513,813.0,0.9917389892400184,0.00683943547308445,0.0014215756011348518
514,814.0,0.9917396052124882,0.006838917061686516,0.001421477219546822
515,815.0,0.991740218848814,0.006838400736451149,0.0014213800341444137
516,816.0,0.9917408301608688,0.006837885826826096,0.0014212832949310114
517,817.0,0.991741439160468,0.006837370544672012,0.0014211870209605286
518,818.0,0.9917420458593434,0.006836866736412048,0.001421090701178798
519,819.0,0.9917426502691552,0.006836355403065681,0.0014209945969291217
520,820.0,0.9917432524014772,0.006835853233933448,0.0014208989199418663
521,821.0,0.9917438522678307,0.006835342347621918,0.001420802950924957
522,822.0,0.9917444498796467,0.006834841817617416,0.0014207091229404307
523,823.0,0.9917450452482902,0.006834334880113602,0.0014206156750883091
524,824.0,0.9917456383850546,0.0068338454514741895,0.0014205204308113484
525,825.0,0.9917462293011576,0.006833339557051659,0.0014204278783749508
526,826.0,0.991746818007755,0.0068328439444303515,0.0014203336078121127
527,827.0,0.9917474045159207,0.006832358688116074,0.0014202399695572756
528,828.0,0.9917479888366687,0.00683186411857605,0.0014201481661716199
529,829.0,0.9917485709809409,0.0068313715606927875,0.0014200555481788447
530,830.0,0.9917491509596019,0.006830878034234047,0.001419963969074582
531,831.0,0.9917497287834596,0.006830395981669426,0.0014198719171967839
532,832.0,0.991750304463248,0.006829916536808014,0.0014197808119574512
533,833.0,0.9917508780096362,0.006829435527324676,0.0014196891284250072
534,834.0,0.9917514494332248,0.006828957051038742,0.0014195992727950146
535,835.0,0.9917520187445532,0.006828479990363121,0.0014195087408010976
536,836.0,0.9917525859540891,0.006827991753816605,0.001419418876330817
537,837.0,0.9917531510722355,0.006827526316046714,0.0014193287895163662
538,838.0,0.9917537141093361,0.006827050521969795,0.001419240491305101
539,839.0,0.9917542750756627,0.006826577037572861,0.001419150539868937
540,840.0,0.9917548339814275,0.006826103404164314,0.0014190618239085656
541,841.0,0.9917553908367764,0.006825630962848664,0.0014189742267176266
542,842.0,0.9917559456518036,0.006825168505311012,0.001418885966414101
543,843.0,0.9917564984365264,0.00682470716536045,0.001418798750674335
544,844.0,0.9917570492009037,0.006824236586689949,0.0014187109716481206
545,845.0,0.9917575979548445,0.00682377815246582,0.0014186241374868568
546,846.0,0.9917581447081821,0.006823319718241691,0.0014185378673851124
547,847.0,0.9917586894706903,0.006822860464453697,0.0014184497337741985
548,848.0,0.9917592322520974,0.006822405532002449,0.0014183648749535724
549,849.0,0.9917597730620574,0.0068219490349292755,0.0014182785611051327
550,850.0,0.9917603119101708,0.006821494475007057,0.0014181935979927494
551,851.0,0.9917608488059809,0.006821038872003555,0.0014181080481562385
552,852.0,0.9917613837589653,0.0068205946683883665,0.0014180232355288486
553,853.0,0.9917619167785477,0.006820143163204193,0.0014179387001427284
554,854.0,0.9917624478741055,0.006819700598716736,0.0014178555688890988
555,855.0,0.9917629770549422,0.006819249913096428,0.0014177714364818912
556,856.0,0.9917635043303082,0.006818808242678642,0.0014176868887812127
557,857.0,0.9917640297094056,0.006818360835313797,0.0014176040027910192
558,858.0,0.9917645532013789,0.00681793101131916,0.0014175200095546908
559,859.0,0.9917650748153096,0.006817484498023987,0.0014174373898827358
560,860.0,0.9917655945602345,0.006817045360803604,0.0014173558684620134
561,861.0,0.9917661124451209,0.006816618964076042,0.0014172736548339678
562,862.0,0.9917666284789003,0.0068161837011575695,0.0014171913677369404
563,863.0,0.9917671426704401,0.006815749928355217,0.0014171090415134513
564,864.0,0.9917676550285534,0.0068153151869773864,0.0014170279174327738
565,865.0,0.9917681655620038,0.006814891174435615,0.001416947844309604
566,866.0,0.9917686742794993,0.006814459562301636,0.001416867832468187
567,867.0,0.9917691811897004,0.0068140276521444325,0.0014167865873792396
568,868.0,0.9917696863012146,0.006813606023788452,0.0014167066104987993
569,869.0,0.9917701896225947,0.006813186928629875,0.0014166257450966052
570,870.0,0.9917706911623404,0.006812757179141045,0.001416546493083442
571,871.0,0.9917711909289048,0.006812336668372154,0.0014164673762666663
572,872.0,0.9917716889306964,0.006811918541789055,0.0014163883146289342
573,873.0,0.9917721851760603,0.006811501309275627,0.0014163098154318207
574,874.0,0.9917726796733032,0.006811084896326065,0.0014162311877503908
575,875.0,0.9917731724306735,0.006810670197010041,0.0014161528891241436
576,876.0,0.9917736634563841,0.006810254827141762,0.0014160756439110403
577,877.0,0.9917741527585805,0.006809850037097931,0.0014159975910939266
578,878.0,0.9917746403453788,0.006809437051415444,0.0014159214524448365
579,879.0,0.9917751262248277,0.006809032186865806,0.0014158435627819774
580,880.0,0.9917756104049537,0.006808620169758797,0.0014157664755299138
581,881.0,0.991776092893711,0.006808219626545906,0.0014156889133215267
582,882.0,0.9917765736990145,0.006807809174060822,0.001415612891578886
583,883.0,0.9917770528287484,0.006807409599423409,0.001415537855755787
584,884.0,0.9917775302907285,0.006807008981704712,0.0014154619331571633
585,885.0,0.9917780060927308,0.006806610301136971,0.0014153859887397625
586,886.0,0.9917784802425007,0.006806201711297036,0.0014153112770423847
587,887.0,0.9917789527477125,0.006805812790989876,0.0014152356605160138
588,888.0,0.9917794236160223,0.006805418208241463,0.0014151613354812136
589,889.0,0.9917798928550203,0.006805021315813065,0.0014150873704880818
590,890.0,0.9917803604722623,0.006804626360535622,0.0014150122416327693
591,891.0,0.9917808264752628,0.006804230362176895,0.0014149384635135137
592,892.0,0.9917812908714854,0.006803845763206482,0.0014148660183678824
593,893.0,0.9917817536683495,0.006803453639149666,0.001414792162277646
594,894.0,0.9917822148732433,0.0068030706793069835,0.0014147183006667763
595,895.0,0.9917826744935024,0.0068026787787675855,0.0014146462887680417
596,896.0,0.9917831325364155,0.006802296116948128,0.001414573144903106
597,897.0,0.9917835890092445,0.006801905781030655,0.0014145010727867268
598,898.0,0.9917840439191952,0.006801526993513107,0.0014144287927416693
599,899.0,0.9917844972734332,0.006801147013902664,0.0014143570933453139
600,900.0,0.9917849490790945,0.006800769045948982,0.0014142842863935955
601,901.0,0.9917853993432669,0.006800389438867569,0.0014142137910499912
602,902.0,0.9917858480729888,0.006800002828240395,0.0014141425442454844
603,903.0,0.9917862952752659,0.00679963655769825,0.0014140703847721392
604,904.0,0.9917867409570721,0.006799260377883911,0.0014140004427196367
605,905.0,0.991787185125332,0.0067988836765289305,0.0014139299448112572
606,906.0,0.9917876277869234,0.006798508316278457,0.001413859543827728
607,907.0,0.9917880689487035,0.006798145622015,0.0014137891579872857
608,908.0,0.9917885086174738,0.006797771081328392,0.0014137200336705646
609,909.0,0.9917889468000008,0.0067973979562520985,0.0014136504850381854
610,910.0,0.9917893835030221,0.006797035112977028,0.0014135815710239238
611,911.0,0.9917898187332276,0.0067966639995574955,0.0014135125582203478
612,912.0,0.9917902524972686,0.006796302050352096,0.0014134432497218546
613,913.0,0.9917906848017671,0.006795941889286041,0.0014133739483901796
614,914.0,0.9917911156532959,0.006795582622289658,0.001413306781096873
615,915.0,0.9917915450584002,0.006795221641659736,0.0014132389573848602
616,916.0,0.991791973023581,0.0067948629707098,0.00141317075300384
617,917.0,0.9917923995553093,0.006794505342841148,0.0014131023696433577
618,918.0,0.9917928246600205,0.006794147714972496,0.0014130351446426121
619,919.0,0.9917932483441046,0.006793790087103843,0.001412966664839311
620,920.0,0.9917936706139169,0.006793433502316475,0.0014129002490887613
621,921.0,0.9917940914757927,0.006793079152703285,0.0014128341188558832
622,922.0,0.9917945109360076,0.00679272323846817,0.0014127673533045762
623,923.0,0.9917949290008227,0.006792367398738861,0.0014127014805314583
624,924.0,0.9917953456764543,0.006792014762759209,0.0014126354995011865
625,925.0,0.9917957609690834,0.006791670620441437,0.0014125699201128694
626,926.0,0.9917961748848586,0.006791318282485009,0.0014125036336651814
627,927.0,0.9917965874298986,0.006790975332260132,0.0014124381395874675
628,928.0,0.9917969986102736,0.006790632903575897,0.0014123733442927228
629,929.0,0.9917974084320391,0.006790281310677528,0.0014123080407177691
630,930.0,0.991797816901207,0.006789941340684891,0.0014122426553701468
631,931.0,0.9917982240237493,0.006789600253105163,0.001412177940456544
632,932.0,0.9917986298056153,0.006789261177182197,0.0014121144288408113
633,933.0,0.991799034252722,0.0067889119684696195,0.0014120502976227183
634,934.0,0.9917994373709444,0.006788575425744057,0.0014119866734024467
635,935.0,0.9917998391661346,0.006788246780633927,0.0014119224314715635
636,936.0,0.9918002396441067,0.006787898689508438,0.0014118591182439102
637,937.0,0.9918006388106414,0.006787562966346741,0.0014117953123065974
638,938.0,0.9918010366714904,0.0067872354388237,0.0014117311342950018
639,939.0,0.9918014332323786,0.006786901205778122,0.001411668856918149
640,940.0,0.991801828498989,0.006786565408110619,0.0014116061704960545
641,941.0,0.991802222476978,0.006786229759454727,0.0014115440114535578
642,942.0,0.9918026151719773,0.006785905584692955,0.0014114804037678997
643,943.0,0.9918030065895779,0.0067855724692344665,0.0014114190785774305
644,944.0,0.991803396735346,0.00678524911403656,0.0014113570269553527
645,945.0,0.9918037856148161,0.006784916818141937,0.0014112953814954191
646,946.0,0.9918041732334896,0.006784594282507896,0.0014112341539846806
647,947.0,0.9918045595968425,0.006784265264868737,0.0014111727637744348
648,948.0,0.9918049447103143,0.006783943548798561,0.0014111109361699976
649,949.0,0.9918053285793286,0.006783623024821281,0.0014110506954519153
650,950.0,0.9918057112092634,0.00678330160677433,0.0014109906338861
651,951.0,0.9918060926054756,0.006782973632216454,0.0014109283665409739
652,952.0,0.9918064727732921,0.0067826535552740095,0.0014108693493843044
653,953.0,0.9918068517180114,0.006782345995306968,0.001410808441651903
654,954.0,0.9918072294449053,0.00678201973438263,0.0014107485946267928
655,955.0,0.9918076059592097,0.006781702265143395,0.0014106892369916862
656,956.0,0.9918079812661381,0.006781393364071846,0.001410629639259074
657,957.0,0.9918083553708774,0.0067810767889022825,0.0014105699373438431
658,958.0,0.9918087282785806,0.006780762225389481,0.0014105106343147988
659,959.0,0.9918090999943743,0.006780446469783783,0.001410452928358451
660,960.0,0.9918094705233651,0.006780140921473503,0.0014103926943251552
661,961.0,0.991809839870626,0.00677982673048973,0.0014103349659861425
662,962.0,0.9918102080412003,0.006779514700174332,0.0014102771884707515
663,963.0,0.9918105750401055,0.006779200807213784,0.0014102173368890727
664,964.0,0.9918109408723407,0.006778896823525429,0.001410159982270528
665,965.0,0.9918113055428666,0.006778596118092537,0.001410102556665922
666,966.0,0.99181166905662,0.00677829310297966,0.0014100447790504867
667,967.0,0.9918120314185191,0.0067779823392629624,0.0014099858822654407
668,968.0,0.9918123926334491,0.006777680143713951,0.0014099289168196787
669,969.0,0.9918127527062702,0.006777370795607567,0.0014098730599388194
670,970.0,0.9918131116418182,0.006777071729302407,0.0014098147285229652
671,971.0,0.9918134694449021,0.0067767703533172605,0.0014097580253390957
672,972.0,0.9918138261203023,0.006776471510529518,0.0014097026181487966
673,973.0,0.9918141816727788,0.006776173487305641,0.0014096459039236611
674,974.0,0.9918145361070617,0.006775875389575958,0.0014095898529748222
675,975.0,0.9918148894278704,0.006775577440857887,0.0014095329599248389
676,976.0,0.9918152416398709,0.006775280237197876,0.0014094768090407218
677,977.0,0.9918155927477378,0.006774984747171402,0.001409420888649847
678,978.0,0.991815942756092,0.0067746883630752566,0.0014093663032789605
679,979.0,0.9918162916695517,0.006774401068687439,0.001409309961792039
680,980.0,0.9918166394926979,0.0067741072177886965,0.0014092553576582768
681,981.0,0.9918169862300925,0.006773811057209969,0.0014092002386959434
682,982.0,0.9918173318862767,0.00677352637052536,0.0014091454104899718
683,983.0,0.9918176764657562,0.006773232743144036,0.0014090903890436603
684,984.0,0.9918180199730241,0.006772940456867218,0.0014090356682490127
685,985.0,0.9918183624125448,0.006772656738758087,0.0014089811603579798
686,986.0,0.9918187037887664,0.0067723640054464344,0.001408927830899232
687,987.0,0.991819044106105,0.006772082224488258,0.0014088735584763773
688,988.0,0.9918193833689584,0.006771800369024277,0.001408818969422037
689,989.0,0.9918197215816954,0.006771509945392609,0.0014087658639445493
690,990.0,0.9918200587486733,0.006771227121353149,0.0014087126720377804
691,991.0,0.9918203948742209,0.006770948097109795,0.0014086594628233272
692,992.0,0.9918207299626393,0.0067706678807735446,0.0014086053294258328
693,993.0,0.9918210640182111,0.006770378276705742,0.0014085523895764251
694,994.0,0.9918213970452012,0.00677009902894497,0.0014084989862667076
695,995.0,0.9918217290478529,0.006769829243421554,0.001408446989408692
696,996.0,0.991822060030373,0.006769542917609215,0.0014083942603164918
697,997.0,0.9918223899969678,0.006769264340400696,0.0014083419516291225
698,998.0,0.9918227189517995,0.0067689955979585645,0.001408289516349186
699,999.0,0.9918230468990323,0.006768710166215897,0.0014082387794414652
700,1000.0,0.9918233738427914,0.006768441423773765,0.0014081859483676242
